wall_time_s,tick,cpu_cores_camera,majflt_camera,last_cpu_camera,rss_kb_camera,swap_kb_camera,nonvol_ctxt_camera,cpu_cores_detector,majflt_detector,last_cpu_detector,rss_kb_detector,swap_kb_detector,nonvol_ctxt_detector,cpu_cores_worker,rss_kb_worker,cpu_cores_pick_logic,majflt_pick_logic,last_cpu_pick_logic,rss_kb_pick_logic,swap_kb_pick_logic,nonvol_ctxt_pick_logic,cpu_cores_target_3d,majflt_target_3d,last_cpu_target_3d,rss_kb_target_3d,swap_kb_target_3d,nonvol_ctxt_target_3d,cpu_cores_target_base,majflt_target_base,last_cpu_target_base,rss_kb_target_base,swap_kb_target_base,nonvol_ctxt_target_base,cpu_cores_static_tf,majflt_static_tf,last_cpu_static_tf,rss_kb_static_tf,swap_kb_static_tf,nonvol_ctxt_static_tf,sys_cpu_pct_total,sys_cpu_pct_cpu0,sys_cpu_pct_cpu1,sys_cpu_pct_cpu2,sys_cpu_pct_cpu3,mem_available_kb,swap_free_kb,cma_free_kb,ams_in10_input,ams_in11_input,ams_in12_input,ams_in13_input,ams_in14_input,ams_in15_input,ams_in16_input,ams_in17_input,ams_in18_input,ams_in19_input,ams_in1_input,ams_in20_input,ams_in21_input,ams_in22_input,ams_in23_input,ams_in24_input,ams_in25_input,ams_in26_input,ams_in27_input,ams_in2_input,ams_in3_input,ams_in4_input,ams_in5_input,ams_in6_input,ams_in7_input,ams_in8_input,ams_in9_input,ams_temp1_input,ams_temp2_input,ams_temp3_input,pwmfan_pwm1,ina260_u14_curr1_input,ina260_u14_in1_input,ina260_u14_power1_input,worker_restart_count,pss_kb_camera,pss_kb_detector,pss_kb_pick_logic,pss_kb_target_3d,pss_kb_target_base,pss_kb_static_tf,majflt_worker,last_cpu_worker,swap_kb_worker,nonvol_ctxt_worker,pss_kb_worker
1785810061.413,1,0.0991,86,0,22732,0,561,0.0694,87,0,19112,0,568,,,0.7435,4,1,30456,0,719,0.7435,0,2,32808,0,908,0.7831,3,0,33588,0,1549,0.0099,15,0,36540,0,417,0.7359,0.964,0.964,1.0,0.0,2061084,29359356,5756,1794,1191,1783,1783,1783,1784,854,1798,597,717,1198,1799,1250,0,858,858,849,1799,600,0,714,856,1795,1790,860,856,857,32080,32484,31645,15,1280,5016,6420000,0,,,,,,,,,,,
1785810062.404,2,0.3343,79,0,26668,0,828,0.0393,52,1,23132,0,693,,,0.1573,4,0,52180,0,910,0.8358,0,0,47400,0,1907,0.5998,0,0,46532,0,2137,0.0098,0,0,36752,0,417,0.631,0.9796,0.701,0.8557,0.0,2028932,29359356,3360,1795,1201,1784,1785,1784,1785,856,1796,596,716,1200,1803,1249,0,858,859,849,1799,601,0,716,856,1796,1792,856,857,855,31801,32702,31878,15,1267,5017,6360000,0,,,,,,,,,,,
1785810063.372,3,0.1219,76,2,32276,0,1008,0.0203,23,2,24288,0,725,,,0.2641,14,2,56584,0,1508,0.3352,9,2,70976,0,2482,0.1321,2,2,47140,0,2272,0.0305,0,1,36824,0,423,0.329,0.4526,0.4742,0.3958,0.0,2008932,29359356,3960,1794,1200,1783,1783,1783,1784,856,1798,596,720,1199,1801,1249,1,857,856,861,1798,600,0,715,858,1797,1794,857,858,860,32142,32562,30433,15,1185,5017,5950000,0,,,,,,,,,,,
1785810064.452,4,0.3143,110,2,46060,0,1219,0.0688,62,0,27756,0,877,,,0.275,9,0,57884,0,1848,0.2554,45,0,73204,0,2714,0.3438,0,1,47880,0,2699,0.0098,0,1,36824,0,423,0.3986,0.5093,0.5586,0.5315,0.0,1991612,29359356,3960,1795,1200,1783,1784,1784,1785,854,1795,597,718,1201,1800,1249,0,857,865,852,1798,600,0,714,855,1797,1792,861,857,855,33060,31117,31614,15,1303,5016,6540000,0,,,,,,,,,,,
1785810065.416,5,0.1701,65,2,62580,0,1612,0.1101,63,0,35908,0,1068,,,0.07,0,2,58280,0,1903,0.1801,11,2,73892,0,2813,0.4903,2,2,70188,0,3162,0.01,0,1,37016,0,423,0.4122,0.4286,0.5979,0.6263,0.0,1950368,29359356,17264,1795,1199,1783,1784,1783,1784,855,1799,598,717,1201,1803,1250,0,858,862,854,1800,601,0,714,856,1796,1796,857,857,853,32018,32609,31832,15,1300,5016,6500000,0,45605,26341,41479,53570,50247,26176,,,,,
1785810066.491,6,0.1698,28,1,65684,0,1613,0.6793,84,0,42388,0,1546,,,0.02,0,2,58408,0,1903,0.03,0,2,74108,0,2813,0.4695,17,0,74880,0,3837,0.01,0,1,37016,0,423,0.5,0.79,0.6311,0.5941,0.0,1946848,29359356,16844,1794,1199,1783,1784,1783,1784,855,1797,597,716,1199,1803,1252,0,858,858,860,1799,600,0,715,858,1796,1795,855,857,854,31661,32158,32003,15,1316,5016,6730000,0,,,,,,,,,,,
1785810067.458,7,0.0707,0,1,65684,0,1613,0.7166,54,2,49848,0,1852,,,0.0,0,2,58408,0,1903,0.0,0,2,74108,0,2815,0.0101,1,0,75036,0,3839,0.0101,0,1,37188,0,423,0.5105,0.5319,0.5543,0.9474,0.0,1938900,29359356,10712,1794,1200,1784,1783,1783,1784,853,1797,597,718,1197,1801,1248,0,856,857,851,1798,600,0,716,856,1799,1791,854,856,851,32904,32065,31194,15,1325,5016,6650000,0,,,,,,,,,,,
1785810068.396,8,0.0299,2,1,65948,0,1613,0.5978,88,1,60572,0,2374,,,0.0,0,2,58408,0,1903,0.01,0,2,74108,0,2818,0.0,0,0,75036,0,3839,0.0,0,1,37188,0,423,0.6505,0.7849,0.8526,0.9574,0.0,1930804,29359356,6716,1794,1199,1783,1784,1783,1784,853,1798,597,718,1197,1800,1250,0,860,860,854,1797,600,0,715,857,1798,1795,854,858,857,32935,31801,31521,15,1233,5017,6190000,0,,,,,,,,,,,
1785810069.366,9,0.0,0,1,65948,0,1613,0.5824,102,2,68756,0,2631,,,0.0,0,2,58408,0,1903,0.0,0,2,74108,0,2819,0.0,0,0,75036,0,3839,0.0,0,1,37188,0,423,0.3039,0.2396,0.3368,0.6458,0.0,1933700,29359356,3100,1794,1200,1783,1783,1783,1783,855,1798,597,717,1200,1802,1250,0,859,854,859,1798,600,0,715,856,1796,1792,859,858,858,32531,32671,30806,15,1298,5016,6520000,0,,,,,,,,,,,
1785810070.387,10,0.0,0,1,65948,0,1613,0.5577,197,1,97228,0,2910,,,0.0,0,2,58408,0,1903,0.0,0,0,74108,0,2820,0.0,0,0,75036,0,3839,0.0098,0,1,37188,0,423,0.2217,0.2277,0.2019,0.4476,0.0,1925372,29359356,5768,1794,1198,1783,1783,1783,1784,854,1796,597,717,1200,1801,1251,0,856,861,861,1799,599,0,715,857,1797,1791,858,858,851,31661,31661,32096,15,1198,5017,6020000,0,41293,73865,41443,53282,54286,26235,,,,,
1785810071.396,11,0.0,0,1,65948,0,1613,0.8629,38,2,128792,0,3360,,,0.0,0,2,58408,0,1903,0.01,0,2,74108,0,2820,0.0,0,0,75036,0,3839,0.0,0,1,37188,0,423,0.3584,0.2553,0.732,0.4479,0.0,1920360,29359356,18768,1795,1200,1783,1784,1783,1784,855,1797,597,717,1200,1799,1250,0,860,855,854,1800,600,0,717,857,1797,1793,858,858,857,31816,32997,32174,15,1241,5017,6230000,0,,,,,,,,,,,
1785810072.423,12,0.2652,15,0,67980,0,1659,0.8568,0,2,154728,0,3989,,,0.0204,0,2,58544,0,1903,0.0204,0,0,74272,0,2827,0.0204,0,0,75180,0,3839,0.051,0,1,37712,0,445,0.3922,0.33,0.402,0.835,0.0,1897500,29359356,4296,1794,1198,1783,1784,1784,1784,855,1798,596,719,1195,1802,1251,0,857,866,856,1799,600,0,715,856,1798,1790,856,858,863,31832,31925,31101,15,1263,5017,6340000,0,,,,,,,,,,,
1785810073.41,13,0.2888,43,0,87184,0,1680,0.5199,0,0,160144,0,4812,,30764,0.0096,0,2,58544,0,1903,0.1733,2,1,81988,0,3006,0.0385,0,0,75344,0,3855,0.0289,0,1,37608,0,446,0.5396,0.732,0.6082,0.8351,0.0,1859676,29359356,16204,1794,1200,1782,1783,1783,1784,855,1797,597,717,1199,1801,1250,0,859,854,854,1799,600,0,715,856,1796,1792,852,857,846,32609,31505,30744,15,1362,5016,6840000,0,,,,,,,,2,0,324,
1785810074.397,14,0.2958,0,0,87196,0,1680,0.0306,0,0,160144,0,4812,0.9282,44232,0.0102,0,2,58544,0,1903,0.153,0,1,82668,0,3068,0.0,0,0,75344,0,3855,0.0,0,1,37608,0,446,0.449,0.9495,0.433,0.4021,0.0,1855164,29359356,1972,1794,1199,1783,1784,1784,1784,857,1797,597,716,1198,1803,1252,0,857,861,858,1798,600,0,715,856,1798,1792,861,858,853,31614,31956,30650,15,1221,5016,6660000,0,,,,,,,4,0,0,1635,
1785810075.396,15,0.2939,0,0,87196,0,1680,0.0405,0,0,160144,0,4812,0.9324,53556,0.0101,0,2,58544,0,1903,0.0912,0,1,83512,0,3130,0.0,0,0,75344,0,3855,0.0,0,1,37608,0,446,0.4175,0.6961,0.5096,0.4854,0.0,1852456,29359356,1972,1794,1197,1783,1783,1782,1784,852,1798,597,713,1196,1801,1250,0,857,859,850,1798,600,0,715,854,1798,1794,858,857,855,32593,31832,30573,15,1340,5016,6720000,0,60294,111855,41112,61343,53153,25940,6,1,0,2484,28014
1785810076.422,16,0.2684,0,0,87196,0,1680,0.0288,0,0,160224,0,4812,0.882,69052,0.0,0,2,58544,0,1903,0.0863,0,1,83648,0,3142,0.0,0,0,75344,0,3855,0.0,0,1,37608,0,446,0.4173,0.3474,0.9898,0.3232,0.0,1846260,29359356,1972,1795,1200,1783,1783,1783,1784,856,1799,598,717,1198,1802,1251,0,858,856,862,1798,599,0,717,857,1797,1794,857,858,851,31132,31536,31303,15,1220,5016,6120000,0,,,,,,,2,1,0,2658,
1785810077.403,17,0.285,0,0,87196,0,1680,0.0407,0,0,160224,0,4812,0.9771,116300,0.0,0,2,58544,0,1903,0.0916,0,2,83744,0,3194,0.0,0,0,75344,0,3855,0.0,0,1,37608,0,446,0.445,0.3579,0.625,0.8041,0.0,1832292,29359356,1296,1794,1198,1783,1783,1782,1783,856,1796,597,716,1200,1802,1249,0,858,859,859,1799,600,0,715,854,1798,1794,859,857,853,31987,32142,32205,15,1211,5016,6080000,0,,,,,,,9,1,0,3198,
1785810078.381,18,0.2767,0,0,87196,0,1680,0.0307,0,0,160224,0,4812,0.2869,133248,0.0,0,2,58544,0,1903,0.0922,0,2,84536,0,3294,0.0,0,0,75344,0,3855,0.0,0,1,37608,0,446,0.2876,0.3298,0.4479,0.3673,0.0,1814120,29359356,6012,1794,1199,1783,1784,1783,1784,854,1796,597,717,1194,1800,1249,0,858,858,851,1798,600,0,715,857,1797,1793,864,857,857,32686,31288,31754,15,1353,5016,6790000,0,,,,,,,92,2,0,3603,
1785810079.418,19,0.2883,0,0,86268,0,1680,0.3075,13,2,167380,0,5006,0.394,139308,0.0673,0,0,58700,0,2010,0.3459,15,2,105800,0,3654,0.0192,0,0,74632,0,3899,0.0,0,1,37160,0,446,0.5146,0.6634,0.6893,0.7255,0.0,1778080,29359356,1000,1794,1198,1783,1784,1784,1784,855,1798,597,717,1199,1803,1250,0,859,855,858,1801,599,0,716,858,1797,1793,859,856,852,32857,32547,32189,15,1410,5016,6950000,0,,,,,,,15,0,0,4146,
1785810080.466,20,0.3217,0,0,86268,0,1680,0.4122,0,1,168440,0,5209,0.3419,139308,0.0905,0,0,58740,0,2174,0.915,12,2,142296,0,4888,0.0,0,0,74632,0,3899,0.0,0,1,37160,0,446,0.5795,0.8053,0.7478,0.7672,0.0,1768620,29359356,1000,1793,1199,1782,1782,1782,1783,853,1795,597,718,1197,1803,1250,0,858,858,850,1798,600,0,714,857,1798,1793,859,856,856,32003,32407,32065,15,1332,5016,6680000,0,56785,102019,41133,88586,52563,25651,0,0,0,4836,83097
1785810081.399,21,0.2798,0,0,86268,0,1680,0.3524,0,0,168576,0,5355,0.2591,139308,0.0933,0,0,58740,0,2338,0.7669,0,1,147932,0,5489,0.0,0,0,74632,0,3899,0.0,0,1,37160,0,446,0.6145,0.8049,0.8795,0.7683,0.0,1763152,29359356,392,1795,1203,1783,1785,1784,1784,854,1798,597,717,1198,1801,1250,0,859,859,860,1797,600,0,715,855,1799,1794,858,856,852,32640,32982,32686,15,1338,5017,6720000,0,,,,,,,0,1,0,5408,
1785810082.448,22,0.3219,0,0,86268,0,1680,0.3121,0,2,167436,0,5460,0.2926,139308,0.0975,0,0,58740,0,2450,0.3512,8,0,168988,0,5962,0.1268,10,1,75628,0,4021,0.0098,2,1,37160,0,446,0.612,0.8641,0.8286,0.7596,0.0,1761864,29359356,936,1794,1200,1783,1783,1782,1782,855,1797,596,717,1196,1804,1251,0,858,859,860,1800,600,0,713,855,1796,1792,853,857,857,33728,33728,31863,15,1375,5016,6900000,0,,,,,,,0,0,0,5889,
1785810083.373,23,0.2684,0,0,86268,0,1680,0.2993,0,1,167544,0,5570,0.2374,139308,0.0723,0,1,58740,0,2491,0.1755,0,2,168368,0,6152,0.0619,0,0,75628,0,4146,0.0,0,1,37160,0,446,0.3874,0.4659,0.5385,0.5604,0.0,1764580,29359356,2368,1795,1200,1783,1784,1784,1784,857,1798,597,717,1197,1800,1249,0,859,859,851,1798,600,0,715,856,1797,1793,856,857,853,31459,33433,32718,15,1280,5016,6420000,0,,,,,,,0,0,0,6228,
1785810084.411,24,0.2804,0,0,86268,0,1680,0.2997,0,0,167544,0,5695,0.2321,139308,0.0677,0,1,58740,0,2533,0.174,0,1,168396,0,6314,0.0677,0,2,75628,0,4188,0.0,0,1,37160,0,446,0.3431,0.3465,0.4608,0.5714,0.0,1764180,29359356,2368,1795,1198,1784,1784,1784,1785,854,1799,597,717,1199,1800,1250,1,857,858,853,1797,600,0,714,856,1796,1796,858,857,853,33401,33370,31428,15,1518,5016,7620000,0,,,,,,,0,1,0,6358,
1785810085.406,25,0.2719,1,0,86268,0,1680,0.3021,0,1,167544,0,5853,0.2417,139308,0.0705,0,1,58740,0,2579,0.1712,0,0,168396,0,6494,0.0705,0,2,75628,0,4284,0.0,0,1,37160,0,446,0.3885,0.44,0.5577,0.5577,0.0,1764440,29359356,2368,1794,1201,1783,1783,1783,1784,854,1797,597,716,1199,1803,1251,0,859,854,855,1800,600,0,715,856,1797,1792,859,858,854,32360,31909,32360,15,1516,5017,6500000,0,56819,100267,41191,101260,53621,25696,0,1,0,6514,80121
1785810086.417,26,0.2784,0,0,86268,0,1680,0.2983,0,1,167544,0,6022,0.2287,139308,0.0696,0,2,58740,0,2737,0.1491,0,0,168396,0,6604,0.0696,0,2,75628,0,4456,0.0,0,1,37160,0,446,0.4378,0.5495,0.6383,0.5591,0.0,1760460,29359356,2368,1794,1197,1783,1784,1783,1784,855,1798,596,717,1197,1801,1249,0,856,859,855,1798,599,0,714,856,1795,1790,852,857,848,34008,32609,31257,15,1213,5017,6090000,0,,,,,,,0,2,0,6777,
1785810087.392,27,0.2828,0,0,86268,0,1680,0.2828,0,0,167544,0,6165,0.2525,139308,0.0707,0,0,58740,0,2794,0.1818,0,1,168396,0,6705,0.0606,0,0,75628,0,4517,0.0101,0,1,37160,0,446,0.3446,0.3978,0.5104,0.4845,0.0,1761968,29359356,2368,1795,1198,1783,1784,1783,1785,854,1797,596,718,1200,1802,1250,0,858,859,853,1798,600,0,714,856,1796,1793,858,856,860,32080,32609,32391,15,1666,5015,8360000,0,,,,,,,0,1,0,6932,
1785810088.366,28,0.2767,0,0,86268,0,1680,0.3074,0,0,167544,0,6308,0.2459,139308,0.082,0,0,58740,0,2885,0.1742,0,2,168396,0,6899,0.082,0,2,75628,0,4548,0.0,0,1,37160,0,446,0.4505,0.5638,0.625,0.625,0.0,1759908,29359356,2368,1794,1200,1783,1783,1783,1784,855,1797,597,716,1199,1801,1250,0,858,859,863,1801,600,0,714,857,1797,1790,858,857,856,31598,31972,32034,15,1227,5016,6160000,0,,,,,,,0,0,0,7242,
1785810089.394,29,0.2736,0,0,86268,0,1680,0.2932,0,0,167544,0,6464,0.2345,139308,0.0684,0,0,58740,0,2956,0.1661,0,1,168396,0,7039,0.0684,0,2,75844,0,4641,0.0,0,1,37160,0,446,0.3325,0.4,0.5392,0.3939,0.0,1760036,29359356,2368,1793,1199,1783,1784,1784,1784,855,1798,597,716,1194,1801,1248,0,859,860,856,1801,600,1,715,854,1796,1792,858,857,858,31521,32904,33184,15,1301,5016,6530000,0,,,,,,,0,1,0,7414,
1785810090.397,30,0.2863,0,0,86268,0,1680,0.317,0,0,167544,0,6616,0.2761,139308,0.0716,0,2,58740,0,3014,0.1841,0,0,168396,0,7195,0.0716,0,2,75844,0,4700,0.0,0,1,37160,0,446,0.3863,0.4902,0.4906,0.566,0.0,1760800,29359356,2368,1794,1195,1783,1783,1783,1784,854,1797,597,716,1199,1799,1250,0,857,860,851,1796,600,0,714,857,1795,1794,857,857,855,31847,33401,31350,15,1315,5016,6600000,0,56823,100382,41235,101323,53692,25696,0,1,0,7776,80121
1785810091.406,31,0.2735,0,0,86268,0,1680,0.2931,0,1,167716,0,6782,0.2247,139308,0.0684,0,1,58740,0,3079,0.1563,0,1,168396,0,7337,0.0684,0,2,75844,0,4808,0.0,0,1,37160,0,446,0.3861,0.4731,0.6064,0.4731,0.0,1760080,29359356,2368,1793,1199,1782,1783,1782,1783,856,1795,597,717,1200,1803,1251,0,858,855,860,1799,600,0,714,854,1797,1792,862,856,857,32096,31288,31241,15,1285,5016,6440000,0,,,,,,,0,1,0,7971,
1785810092.389,32,0.2731,0,0,86268,0,1680,0.3035,0,0,167716,0,7004,0.2428,139308,0.0708,0,2,58740,0,3174,0.1416,0,1,168396,0,7494,0.0708,0,2,75844,0,4913,0.0,0,1,37160,0,446,0.4065,0.5472,0.6224,0.4545,0.0,1761264,29359356,2516,1793,1199,1782,1783,1782,1783,855,1795,596,719,1194,1802,1251,0,859,855,860,1799,600,0,715,856,1798,1792,851,856,857,32096,32127,32655,15,1336,5017,6700000,0,,,,,,,0,2,0,8135,
1785810093.419,33,0.3131,0,0,86268,0,1680,0.3636,0,1,167932,0,7251,0.2828,139308,0.0909,0,0,58740,0,3289,0.1717,0,2,168396,0,7710,0.0808,0,2,75844,0,4992,0.0,0,1,37160,0,446,0.5961,0.77,0.8252,0.7921,0.0,1755120,29359356,808,1795,1200,1783,1785,1785,1785,855,1798,598,714,1201,1800,1249,0,859,857,858,1798,599,0,715,857,1798,1791,860,857,851,32655,33246,32920,15,1371,5016,6880000,0,,,,,,,0,1,0,8453,
1785810094.375,34,0.2608,0,0,86268,0,1680,0.2909,0,2,167648,0,7360,0.2507,139308,0.0702,0,1,58740,0,3340,0.1504,0,2,168396,0,7952,0.0802,0,2,75844,0,5069,0.0,0,1,37160,0,446,0.382,0.5326,0.5053,0.4894,0.0,1754124,29359356,2756,1794,1200,1783,1783,1783,1784,855,1797,597,716,1197,1801,1248,0,858,859,857,1799,600,0,714,855,1797,1794,857,856,852,32686,31816,33324,15,1275,5017,6400000,0,,,,,,,0,2,0,8748,
1785810095.414,35,0.2806,0,0,86268,0,1680,0.3096,0,0,167648,0,7539,0.2419,139308,0.0774,0,1,58740,0,3449,0.1742,0,2,168396,0,8148,0.0774,0,0,75844,0,5190,0.0,0,1,37160,0,446,0.3701,0.5,0.5046,0.4954,0.0,1754656,29359356,2756,1793,1190,1782,1783,1783,1784,854,1796,597,716,1203,1802,1250,0,858,858,858,1798,599,0,711,856,1794,1794,858,857,862,31769,32049,32065,15,1760,5016,8820000,0,56822,100493,41277,101370,53742,25695,0,1,0,8958,80120
1785810096.422,36,0.2795,0,0,86268,0,1680,0.3095,0,0,168848,0,7710,0.2595,139308,0.0699,0,2,58896,0,3561,0.1497,0,2,168396,0,8293,0.0799,0,1,75844,0,5296,0.0,0,1,37160,0,446,0.3892,0.5109,0.5495,0.5,0.0,1751872,29359356,2756,1793,1203,1782,1782,1782,1783,854,1794,596,717,1200,1801,1248,0,858,856,863,1800,600,0,714,855,1799,1792,856,857,856,32003,31785,30837,15,1372,5016,6880000,0,,,,,,,0,0,0,9289,
1785810097.431,37,0.2965,0,0,86268,0,1680,0.3657,0,0,167980,0,7962,0.2866,139308,0.0988,0,0,58896,0,3737,0.168,0,2,168396,0,8416,0.0889,0,1,75844,0,5351,0.0,0,1,37160,0,446,0.56,0.7551,0.75,0.7374,0.0,1749196,29359356,2792,1794,1197,1783,1783,1783,1784,855,1799,597,718,1200,1802,1249,0,858,856,860,1798,600,0,717,856,1799,1793,858,858,856,31692,33619,31972,15,1336,5016,6840000,0,,,,,,,0,0,0,9834,
1785810098.43,38,0.2897,0,0,86268,0,1680,0.3697,0,1,167792,0,8197,0.2798,139308,0.0999,0,1,58896,0,3866,0.1699,0,2,168576,0,8628,0.0999,0,1,75844,0,5569,0.0,0,1,37160,0,446,0.5758,0.8081,0.7778,0.7273,0.0,1752280,29359356,876,1794,1198,1783,1783,1783,1784,854,1796,597,716,1199,1800,1251,0,858,860,856,1800,600,0,716,856,1797,1792,855,856,849,33635,34707,31972,15,1343,5016,6740000,0,,,,,,,0,1,0,10422,
1785810099.428,39,0.2818,0,0,86268,0,1680,0.3119,0,0,167760,0,8370,0.2717,139308,0.0805,0,1,58896,0,4032,0.1409,0,1,168576,0,8769,0.0704,0,2,75844,0,5602,0.0,0,1,37160,0,446,0.3724,0.4787,0.551,0.4646,0.0,1754952,29359356,1144,1794,1195,1783,1783,1783,1783,853,1796,597,717,1201,1801,1251,1,856,860,860,1802,600,0,715,857,1797,1793,856,857,857,33899,32935,32547,15,1453,5017,7290000,0,,,,,,,0,1,0,10672,
1785810100.407,40,0.2622,0,0,86268,0,1680,0.3227,0,1,167760,0,8516,0.2521,139308,0.0807,0,2,58896,0,4172,0.1613,0,1,168576,0,8910,0.0807,0,0,75844,0,5727,0.0,0,1,37160,0,446,0.3765,0.5146,0.581,0.4231,0.0094,1755708,29359356,1144,1794,1197,1783,1783,1783,1783,854,1799,597,715,1198,1800,1250,0,858,857,862,1800,600,0,714,858,1800,1791,857,857,861,32562,32873,32951,15,1362,5016,6830000,0,56822,100593,41325,101418,53794,25695,0,1,0,10866,80120
1785810101.421,41,0.2882,0,0,86268,0,1680,0.2882,0,0,167760,0,8675,0.2485,139308,0.0596,0,1,58896,0,4255,0.1391,0,1,168576,0,9018,0.0795,0,0,75844,0,5797,0.0,0,1,37160,0,446,0.3794,0.4667,0.4946,0.5543,0.0,1754700,29359356,1144,1794,1201,1783,1783,1783,1783,856,1796,597,717,1194,1803,1250,0,857,858,850,1800,601,0,715,856,1796,1794,857,857,858,33122,33091,32453,15,1286,5017,6460000,0,,,,,,,0,1,0,11145,
1785810102.396,42,0.2735,0,0,86268,0,1680,0.3039,0,0,167760,0,8889,0.2431,139308,0.081,0,2,58896,0,4290,0.1722,0,0,168576,0,9177,0.0608,0,2,75844,0,5838,0.0,0,1,37160,0,446,0.3592,0.5474,0.5052,0.4021,0.0,1754480,29359356,1144,1794,1200,1782,1783,1782,1783,856,1795,597,717,1200,1800,1251,0,859,858,853,1800,600,0,715,856,1797,1794,854,856,855,32702,33572,32500,15,1266,5016,6350000,0,,,,,,,0,0,0,11447,
1785810103.409,43,0.2828,0,0,86268,0,1680,0.3232,0,0,167932,0,9172,0.2828,139308,0.0808,0,2,58896,0,4352,0.1717,0,0,168576,0,9335,0.0808,0,1,75844,0,5903,0.0,0,1,37160,0,446,0.4221,0.5859,0.5816,0.52,0.0,1753504,29359356,1144,1793,1198,1782,1783,1782,1783,855,1795,596,712,1198,1800,1248,0,857,865,850,1797,599,0,715,856,1799,1792,864,857,854,32438,33355,32951,15,1595,5015,8000000,0,,,,,,,0,1,0,11862,
1785810104.406,44,0.2801,0,0,86268,0,1680,0.3202,0,1,167932,0,9354,0.2501,139308,0.08,0,0,58896,0,4418,0.1601,0,1,168576,0,9460,0.07,0,2,75844,0,5946,0.0,0,1,37160,0,446,0.3452,0.5,0.4343,0.4545,0.0,1753760,29359356,1144,1794,1201,1783,1783,1782,1783,856,1799,597,719,1193,1803,1249,0,859,856,859,1796,600,0,715,856,1796,1794,864,857,850,33386,33044,33137,15,1316,5016,6600000,0,,,,,,,0,2,0,12086,
1785810105.389,45,0.28,0,0,86268,0,1680,0.31,0,0,167932,0,9582,0.26,139308,0.08,0,0,58896,0,4488,0.17,0,2,168576,0,9571,0.08,0,1,75844,0,5982,0.01,0,1,37160,0,446,0.3857,0.5146,0.5377,0.5,0.0,1754092,29359356,1144,1795,1198,1784,1784,1784,1785,855,1797,597,716,1200,1802,1250,0,859,857,861,1800,600,0,713,857,1797,1792,853,857,862,32966,32842,31925,15,1312,5016,6590000,0,56822,100705,41373,101478,53846,25695,0,0,0,12431,80120
