stamp_sec,stamp_nanosec,count,image_w,image_h,processing_ms,detect_ms,img_ms,worker_call_ms,ipc_overhead_ms,pre_ms,dpu_ms,post_ms,worker_ms,detection_publish_ms,overlay_ms,age_in_ms,frame_age_ms
1782125279,19020752,1,848,480,89.253,88.186,22.373,65.813,16.448,11.25,12.699,25.416,49.365,1.059,0.008,271.954,361.202
1782125279,152156006,1,848,480,60.794,60.02,0.989,59.031,7.071,11.33,12.977,27.653,51.959,0.769,0.005,249.835,310.634
1782125279,251998779,0,848,480,54.842,54.095,0.961,53.134,8.013,14.765,13.717,16.64,45.121,0.742,0.006,227.187,283.418
1782125279,285278076,1,848,480,70.395,69.656,5.616,64.04,9.48,15.502,13.54,25.518,54.56,0.734,0.004,262.314,332.698
1782125279,385111084,1,848,480,69.154,68.408,1.783,66.625,13.7,18.307,13.388,21.231,52.925,0.742,0.004,244.257,313.406
1782125279,484937012,1,848,480,74.736,67.16,2.119,65.04,14.063,14.379,13.188,23.409,50.977,7.564,0.012,223.94,298.703
1782125279,618026611,1,848,480,62.537,61.765,1.36,60.405,8.274,15.134,12.822,24.175,52.131,0.768,0.004,181.8,244.332
1782125279,751103027,1,848,480,53.231,51.559,1.317,50.242,8.898,11.426,12.404,17.514,41.344,1.645,0.027,232.361,296.143
1782125279,817695557,1,848,480,52.479,51.822,1.444,50.377,8.172,11.393,12.363,18.449,42.205,0.652,0.005,240.573,293.048
1782125279,884425781,0,848,480,54.241,53.285,1.558,51.727,10.478,11.067,12.287,17.895,41.25,0.95,0.006,239.828,294.075
1782125280,17895508,1,848,480,56.566,55.591,2.1,53.491,11.727,11.221,12.303,18.24,41.764,0.969,0.006,179.198,235.772
1782125280,51264648,1,848,480,61.807,60.872,1.814,59.057,9.847,17.281,12.966,18.963,49.21,0.93,0.005,213.977,275.782
1782125280,151377197,1,848,480,52.804,52.021,3.354,48.666,7.241,11.11,12.332,17.984,41.426,0.778,0.005,186.68,239.486
1782125280,184749512,1,848,480,70.029,69.284,1.017,68.266,13.532,16.296,14.078,24.361,54.735,0.741,0.004,220.263,290.288
1782125280,218122559,1,848,480,76.414,75.09,1.834,73.256,18.74,17.243,12.738,24.536,54.517,1.318,0.006,273.052,349.505
1782125280,318246338,1,848,480,61.943,61.162,1.251,59.911,9.206,13.905,13.26,23.54,50.705,0.776,0.005,268.521,330.435
1782125280,451755371,1,848,480,62.31,61.516,1.17,60.347,8.461,14.393,12.833,24.659,51.886,0.788,0.005,254.986,317.28
1782125280,618658447,0,848,480,57.513,56.694,1.164,55.529,8.071,15.56,13.54,18.358,47.458,0.814,0.006,217.304,274.824
1782125280,652041260,1,848,480,69.623,67.556,5.325,62.231,11.462,11.447,12.663,26.659,50.77,2.059,0.008,264.261,333.925
1782125280,718809326,1,848,480,65.677,64.101,1.123,62.978,8.165,15.714,13.489,25.611,54.813,1.569,0.008,285.119,350.827
1782125280,819163086,0,848,480,70.961,70.09,5.836,64.255,16.071,17.874,12.472,17.837,48.183,0.864,0.006,266.9,337.849
1782125280,852486084,0,848,480,64.585,63.109,1.302,61.806,13.545,13.13,13.104,22.028,48.262,1.471,0.006,314.593,379.207
1782125280,919131104,1,848,480,76.584,75.541,15.849,59.691,11.819,12.528,16.732,18.612,47.873,1.035,0.008,328.169,404.747
1782125281,219016357,1,848,480,62.43,61.655,1.012,60.643,8.574,14.313,13.064,24.692,52.069,0.77,0.005,244.647,307.072
1782125281,285653809,1,848,480,60.38,59.619,0.955,58.664,7.531,14.508,13.111,23.514,51.133,0.756,0.005,255.516,315.898
1782125281,385607178,1,848,480,62.151,61.404,1.93,59.474,11.247,11.224,20.005,16.997,48.226,0.743,0.004,231.503,293.651
1782125281,418924316,1,848,480,55.294,54.526,3.624,50.902,9.166,11.357,13.261,17.119,41.737,0.764,0.004,271.243,326.519
1782125281,518873535,1,848,480,57.021,56.211,3.685,52.526,10.127,11.197,12.574,18.627,42.399,0.805,0.005,237.32,294.351
1782125281,652134521,1,848,480,57.532,56.789,6.604,50.185,8.837,12.413,12.769,16.167,41.349,0.738,0.004,172.273,229.786
1782125281,852015381,0,848,480,54.445,53.683,0.988,52.695,8.629,14.015,12.69,17.361,44.065,0.757,0.005,130.076,184.522
1782125281,951966309,1,848,480,68.388,67.608,1.043,66.565,21.563,14.555,12.95,17.497,45.002,0.776,0.004,208.759,277.14
1782125282,51941162,1,848,480,55.986,55.105,1.164,53.941,11.4,11.319,12.175,19.047,42.541,0.874,0.007,287.119,343.117
1782125282,118589355,1,848,480,56.227,55.402,1.523,53.879,11.814,11.319,12.165,18.58,42.064,0.82,0.006,288.225,344.451
1782125282,151913086,1,848,480,62.262,53.588,2.181,51.407,9.451,11.249,12.27,18.436,41.956,8.666,0.009,326.197,388.475
1782125282,285204834,1,848,480,54.378,53.635,3.866,49.769,9.311,11.431,12.682,16.345,40.458,0.739,0.004,270.814,325.189
1782125282,351848633,0,848,480,60.252,59.534,3.591,55.942,10.021,11.486,13.123,21.313,45.922,0.714,0.004,272.15,332.404
1782125282,451812256,1,848,480,66.633,65.665,7.218,58.447,12.18,11.627,12.648,21.991,46.267,0.964,0.004,243.26,309.886
1782125282,485132813,1,848,480,51.826,51.124,1.212,49.912,9.825,11.507,12.184,16.396,40.087,0.693,0.009,300.253,352.015
1782125282,651730713,1,848,480,64.929,64.163,1.506,62.657,10.156,15.757,13.119,23.626,52.501,0.761,0.005,216.29,281.209
1782125282,685049316,1,848,480,59.613,58.5,1.238,57.261,11.362,14.3,13.289,18.31,45.9,1.108,0.005,258.273,317.91
1782125282,784952148,1,848,480,61.126,60.304,1.173,59.131,7.647,11.637,14.536,25.311,51.485,0.816,0.006,241.689,302.802
1782125282,884942627,1,848,480,65.488,64.489,1.686,62.803,9.992,14.652,13.18,24.979,52.811,0.993,0.006,214.447,279.919
1782125282,984930664,1,848,480,56.27,55.245,1.727,53.518,10.023,11.388,15.058,17.049,43.495,1.021,0.004,193.191,249.48
1782125283,18259521,1,848,480,53.052,52.326,1.212,51.114,9.784,11.776,12.631,16.922,41.33,0.723,0.004,237.742,290.768
1782125283,118244385,1,848,480,53.25,52.518,1.375,51.143,9.446,11.45,12.607,17.64,41.697,0.728,0.005,202.201,255.449
1782125283,151572266,0,848,480,52.679,51.96,0.989,50.97,9.493,11.632,12.997,16.848,41.477,0.715,0.004,232.215,284.892
1782125283,184899658,1,848,480,56.351,55.613,1.362,54.251,9.523,13.642,12.594,18.492,44.729,0.734,0.004,261.542,317.887
1782125283,218227051,1,848,480,54.012,53.125,1.307,51.818,9.464,12.495,12.803,17.056,42.354,0.882,0.005,295.528,349.539
1782125283,284880859,1,848,480,59.667,58.935,5.403,53.532,12.974,11.618,12.461,16.479,40.558,0.728,0.004,296.869,356.528
1782125283,418185303,1,848,480,53.33,52.571,1.22,51.352,10.124,11.051,12.222,17.955,41.228,0.754,0.004,263.17,316.495
1782125283,584810059,1,848,480,50.884,50.115,0.991,49.124,7.431,11.289,12.198,18.206,41.693,0.76,0.009,222.796,273.708
1782125283,618134277,1,848,480,61.723,60.954,1.128,59.826,7.078,12.089,12.533,28.126,52.748,0.765,0.004,260.619,322.34
1782125283,684781738,0,848,480,51.711,50.954,1.038,49.916,9.401,11.181,12.696,16.637,40.515,0.752,0.004,265.926,317.633
1782125283,751428223,0,848,480,60.661,59.89,0.957,58.933,7.647,14.541,13.906,22.838,51.286,0.766,0.005,261.281,321.941
1782125283,851377197,1,848,480,54.047,53.243,1.05,52.193,7.791,14.604,13.326,16.472,44.402,0.8,0.004,237.452,291.49
1782125283,884708984,0,848,480,54.238,53.322,2.913,50.409,9.515,11.427,12.664,16.804,40.894,0.912,0.004,272.059,326.405
1782125283,951372070,1,848,480,51.905,50.859,1.187,49.673,7.49,11.252,12.805,18.126,42.183,1.041,0.005,273.974,325.863
1782125284,84695557,0,848,480,53.185,52.128,1.264,50.864,9.389,11.205,12.686,17.584,41.476,1.033,0.024,213.703,266.872
1782125284,218015381,0,848,480,54.09,53.336,1.223,52.113,8.085,11.162,12.147,20.719,44.028,0.748,0.007,196.304,250.391
1782125284,284673828,0,848,480,65.345,64.502,14.146,50.356,9.64,11.162,12.416,17.138,40.715,0.839,0.004,195.396,260.737
1782125284,351331299,0,848,480,55.841,55.093,1.365,53.728,9.125,11.12,13.948,19.534,44.602,0.743,0.004,209.107,264.951
1782125284,451315918,1,848,480,51.826,51.058,1.039,50.018,8.643,11.332,12.501,17.542,41.376,0.764,0.004,181.26,233.088
1782125284,484643799,0,848,480,50.231,49.457,1.056,48.401,7.444,11.405,12.591,16.96,40.956,0.77,0.004,210.73,260.925
1782125284,517971436,1,848,480,53.441,52.67,0.998,51.672,8.031,11.071,14.528,18.041,43.641,0.767,0.005,239.439,292.882
1782125284,551298584,1,848,480,55.35,54.484,1.128,53.356,10.844,11.14,12.48,18.892,42.512,0.862,0.005,271.451,326.805
1782125284,651279297,1,848,480,58.719,57.81,0.961,56.849,11.165,11.403,16.097,18.184,45.684,0.902,0.006,246.284,305.016
1782125284,684605469,0,848,480,49.204,48.103,0.939,47.164,7.146,11.503,12.696,15.819,40.018,1.095,0.007,292.653,341.883
1782125284,751257568,0,848,480,54.687,53.968,2.089,51.879,9.746,12.061,12.491,17.581,42.133,0.715,0.004,294.615,349.191
1782125284,818026611,0,848,480,56.17,55.457,1.456,54.002,13.106,11.407,12.631,16.858,40.896,0.709,0.004,300.858,357.004
1782125284,918184570,0,848,480,50.471,49.767,1.206,48.561,9.281,11.423,12.329,15.528,39.28,0.7,0.004,272.327,322.783
1782125285,85126465,0,848,480,50.239,49.4,1.048,48.353,7.356,11.161,12.309,17.527,40.996,0.832,0.006,243.32,293.57
1782125285,151907715,0,848,480,58.27,57.472,1.063,56.409,7.723,11.993,12.38,24.312,48.686,0.792,0.006,246.246,304.513
1782125285,218691162,0,848,480,51.908,50.906,0.969,49.937,7.014,12.428,12.466,18.028,42.923,0.996,0.007,254.107,306.032
1782125285,318870850,0,848,480,73.633,72.864,3.658,69.206,15.504,11.292,12.506,29.904,53.702,0.765,0.005,218.224,291.85
1782125285,419056152,0,848,480,61.887,60.96,1.139,59.82,7.453,11.16,15.898,25.309,52.367,0.923,0.005,206.908,272.329
1782125285,452452393,0,848,480,49.936,49.094,0.952,48.142,7.509,12.16,12.446,16.027,40.633,0.838,0.004,252.479,302.416
1782125285,552644775,1,848,480,50.279,49.468,1.045,48.423,7.012,11.521,12.656,17.233,41.41,0.807,0.004,213.554,263.834
1782125285,586043457,1,848,480,57.627,56.891,1.163,55.729,11.029,15.909,12.498,16.293,44.699,0.731,0.005,241.73,299.347
1782125285,619442871,0,848,480,53.745,53.028,1.088,51.94,11.947,11.868,12.349,15.776,39.993,0.712,0.004,280.609,334.355
1782125285,686243164,0,848,480,67.197,66.458,1.108,65.35,16.304,15.022,13.08,20.944,49.046,0.735,0.004,278.125,345.32
1782125285,786476074,0,848,480,66.788,66.064,1.379,64.686,13.81,14.749,12.851,23.274,50.875,0.718,0.006,257.901,324.672
1782125285,886498047,0,848,480,65.652,59.747,1.407,58.34,13.605,14.14,12.807,17.788,44.735,5.896,0.009,237.291,302.975
1782125285,986518555,0,848,480,52.652,51.799,1.154,50.645,7.726,12.708,12.217,17.995,42.919,0.847,0.006,222.306,274.939
1782125286,153216064,0,848,480,60.647,59.905,1.062,58.844,7.659,14.269,12.861,24.054,51.184,0.737,0.005,184.065,244.708
1782125286,186555176,0,848,480,53.065,52.341,0.933,51.408,7.645,14.201,13.197,16.364,43.763,0.72,0.005,229.672,282.743
1782125286,219894043,0,848,480,53.014,52.268,1.003,51.266,8.471,11.535,12.577,18.682,42.794,0.742,0.004,264.172,317.185
1782125286,319909912,1,848,480,52.349,51.618,3.08,48.538,7.36,11.163,12.797,17.218,41.178,0.727,0.004,229.936,282.278
1782125286,353248291,1,848,480,55.437,54.539,1.046,53.493,7.704,15.784,12.724,17.28,45.789,0.894,0.004,268.21,323.663
1782125286,453262207,0,848,480,58.911,58.124,1.129,56.995,8.168,14.745,13.528,20.554,48.827,0.781,0.005,243.358,302.249
1782125286,586612061,0,848,480,65.758,64.932,1.779,63.153,11.026,13.86,13.024,25.244,52.128,0.82,0.005,206.632,272.384
1782125286,686622803,1,848,480,51.102,49.985,1.083,48.902,7.22,11.401,12.283,17.997,41.682,1.112,0.006,188.16,239.287
1782125286,719959473,1,848,480,55.895,55.142,1.309,53.833,9.984,13.68,12.753,17.417,43.85,0.749,0.004,222.155,277.93
1782125286,753295898,1,848,480,53.736,53.013,1.354,51.659,8.76,12.669,12.4,17.83,42.899,0.719,0.004,259.517,313.251
1782125286,886364014,1,848,480,56.616,55.843,1.269,54.574,8.162,11.277,12.155,22.98,46.412,0.769,0.004,235.182,291.777
1782125287,53791992,1,848,480,65.22,64.346,2.494,61.851,9.901,13.871,13.018,25.061,51.95,0.868,0.006,241.97,307.217
1782125287,187748291,1,848,480,62.903,61.759,1.501,60.257,8.252,13.946,12.962,25.097,52.005,1.135,0.009,239.528,302.467
1782125287,288223877,1,848,480,63.929,63.16,1.565,61.595,7.362,14.484,12.868,26.882,54.233,0.764,0.005,218.847,282.769
1782125287,388706055,1,848,480,53.213,52.48,1.139,51.34,8.108,11.119,12.81,19.304,43.233,0.73,0.004,200.361,253.57
1782125287,422201904,1,848,480,57.332,56.565,5.831,50.734,9.401,11.486,12.69,17.157,41.333,0.762,0.005,230.074,287.407
1782125287,489195557,1,848,480,55.587,54.862,4.044,50.819,10.182,11.434,12.53,16.672,40.636,0.72,0.004,233.572,289.157
1782125287,589691895,0,848,480,60.361,59.363,1.035,58.328,7.917,11.289,12.24,26.882,50.411,0.992,0.006,234.508,294.929
1782125287,690195313,0,848,480,51.871,50.736,1.058,49.678,7.8,11.464,12.353,18.062,41.879,1.128,0.007,210.529,262.412
1782125287,723697998,0,848,480,59.217,54.726,1.195,53.531,11.088,11.196,12.639,18.607,42.443,4.482,0.009,244.664,303.889
1782125287,824374756,1,848,480,61.644,60.833,5.183,55.651,10.911,11.322,12.537,20.881,44.739,0.806,0.004,213.864,275.51
1782125287,924769043,0,848,480,52.92,52.068,1.121,50.947,8.621,11.127,12.381,18.819,42.326,0.847,0.005,185.994,238.919
1782125287,958235107,0,848,480,53.185,52.368,1.095,51.273,8.667,11.395,12.453,18.758,42.606,0.811,0.006,216.239,269.427
1782125288,58636963,0,848,480,57.544,56.767,3.669,53.097,9.514,12.09,12.893,18.6,43.583,0.773,0.005,185.693,243.24
1782125288,92105469,1,848,480,52.554,51.768,1.016,50.752,8.867,11.239,12.48,18.166,41.885,0.781,0.005,220.607,273.161
1782125288,125574707,1,848,480,65.611,64.861,0.937,63.924,9.013,11.231,14.402,29.278,54.911,0.746,0.004,250.284,315.894
1782125288,225986084,1,848,480,58.301,57.568,1.594,55.974,10.955,14.609,13.476,16.933,45.019,0.729,0.004,225.695,283.991
1782125288,259457520,1,848,480,66.481,65.758,3.143,62.615,12.291,14.848,13.499,21.977,50.324,0.719,0.004,260.609,327.089
1782125288,359876221,0,848,480,62.063,61.328,1.677,59.651,9.655,21.749,12.411,15.835,49.995,0.731,0.004,243.745,305.805
1782125288,460300537,1,848,480,59.82,59.072,1.833,57.239,12.195,16.472,12.303,16.269,45.044,0.744,0.005,215.5,275.312
1782125288,493776611,1,848,480,61.075,60.299,7.935,52.364,12.776,11.391,12.294,15.902,39.588,0.772,0.004,265.197,326.233
1782125288,594208496,1,848,480,56.451,55.43,1.217,54.213,14.181,11.891,12.224,15.917,40.032,1.015,0.005,245.968,302.426
1782125288,661166016,0,848,480,56.259,55.391,2.702,52.689,11.925,12.018,12.369,16.377,40.764,0.861,0.008,251.71,307.954
1782125288,861896240,1,848,480,53.137,52.287,1.689,50.598,8.011,11.361,12.348,18.877,42.587,0.843,0.006,196.499,249.624
1782125288,895221191,1,848,480,58.354,57.597,1.161,56.437,11.179,11.533,12.534,21.19,45.257,0.752,0.005,227.297,285.637
1782125288,928545898,0,848,480,56.372,55.433,1.317,54.116,12.344,11.08,12.65,18.042,41.772,0.93,0.008,262.679,319.064
1782125289,28517578,1,848,480,68.701,67.93,1.273,66.658,11.028,15.068,23.55,17.012,55.63,0.766,0.005,229.738,298.426
1782125289,61841064,0,848,480,50.216,49.086,0.95,48.136,7.41,11.27,12.585,16.871,40.726,1.126,0.005,275.202,325.441
1782125289,128486572,2,848,480,51.096,49.964,1.169,48.795,7.972,11.279,12.609,16.935,40.823,1.108,0.023,275.481,326.556
1782125289,195130859,0,848,480,71.401,70.664,1.703,68.961,9.099,26.068,13.039,20.755,59.862,0.733,0.004,277.463,348.843
1782125289,261773926,0,848,480,54.503,53.763,1.352,52.411,12.552,11.54,12.38,15.939,39.859,0.735,0.005,292.944,347.445
1782125289,395056152,0,848,480,62.001,61.184,1.048,60.136,9.478,14.204,13.021,23.433,50.658,0.813,0.004,240.614,302.609
1782125289,461695313,0,848,480,62.853,61.892,1.099,60.793,10.423,15.739,14.754,19.877,50.37,0.957,0.004,246.813,309.793
1782125289,561651855,1,848,480,54.86,53.743,1.087,52.656,8.133,11.226,14.608,18.689,44.523,1.111,0.006,223.814,278.685
1782125289,594969971,0,848,480,50.61,49.833,1.235,48.598,7.474,11.585,12.616,16.923,41.124,0.773,0.004,265.375,315.972
1782125289,694922363,1,848,480,58.305,57.43,1.014,56.416,8.841,11.251,12.923,23.402,47.575,0.867,0.007,228.92,287.242
1782125289,794871826,1,848,480,57.117,56.335,1.008,55.327,14.143,11.277,12.649,17.258,41.184,0.777,0.005,199.038,256.148
1782125289,828188965,0,848,480,52.643,51.944,1.421,50.524,10.133,11.374,12.616,16.4,40.391,0.695,0.004,239.302,291.942
1782125289,928125732,1,848,480,61.402,60.558,1.447,59.111,9.291,11.238,16.405,22.177,49.82,0.84,0.004,206.669,268.076
1782125290,28058594,1,848,480,56.392,55.643,0.928,54.715,13.769,11.275,12.599,17.072,40.946,0.745,0.005,178.223,234.616
1782125290,61368896,0,848,480,51.452,50.654,0.931,49.722,7.554,11.497,13.458,17.213,42.168,0.794,0.004,215.329,266.784
1782125290,161296875,0,848,480,53.751,53.013,0.996,52.017,8.82,11.218,15.765,16.213,43.197,0.733,0.005,181.299,235.05
1782125290,194605469,0,848,480,58.274,57.564,1.071,56.493,7.222,21.125,12.321,15.824,49.271,0.706,0.004,216.608,274.879
1782125290,227913574,1,848,480,62.362,61.627,1.117,60.51,9.149,17.173,13.17,21.018,51.362,0.732,0.004,255.569,317.926
1782125290,261221436,1,848,480,63.948,63.272,2.118,61.154,12.092,14.712,13.67,20.68,49.062,0.671,0.005,300.673,364.628
1782125290,361142090,1,848,480,64.652,63.493,1.031,62.462,8.738,14.881,13.065,25.778,53.724,1.153,0.006,276.026,340.711
1782125290,461059326,0,848,480,63.628,62.918,1.353,61.565,9.955,14.086,13.494,24.03,51.61,0.706,0.005,257.476,321.081
1782125290,527668701,1,848,480,51.532,50.79,0.922,49.868,8.245,11.857,12.869,16.897,41.623,0.737,0.005,273.431,324.964
1782125290,627579590,1,848,480,51.696,50.951,1.166,49.785,9.43,11.464,12.643,16.247,40.355,0.74,0.004,243.285,294.972
1782125290,660882568,1,848,480,62.507,61.753,1.346,60.407,20.436,11.596,12.25,16.126,39.972,0.749,0.005,277.904,340.415
1782125290,727487061,0,848,480,51.656,50.987,2.043,48.943,9.69,11.379,12.282,15.593,39.254,0.666,0.004,293.089,344.73
1782125290,794089844,1,848,480,58.431,57.75,1.264,56.486,14.722,11.327,12.306,18.132,41.764,0.676,0.005,295.039,353.466
1782125291,27477295,1,848,480,59.386,49.982,1.904,48.077,7.827,11.321,12.183,16.745,40.25,1.23,8.175,207.167,266.65
1782125291,94100342,1,848,480,51.543,50.55,1.053,49.497,7.744,11.137,12.499,18.117,41.754,0.988,0.005,225.376,276.939
1782125291,194031982,0,848,480,50.978,49.981,1.166,48.815,7.829,11.056,12.498,17.431,40.986,0.993,0.004,193.174,244.164
1782125291,227341553,0,848,480,52.255,51.224,0.996,50.228,7.619,11.149,12.588,18.872,42.609,1.027,0.005,224.975,277.298
1782125291,260650879,1,848,480,54.446,53.416,1.244,52.172,9.591,11.436,13.062,18.083,42.581,1.025,0.005,257.158,311.612
1782125291,360576416,1,848,480,50.853,49.724,1.06,48.664,7.776,11.093,12.429,17.365,40.888,1.124,0.005,226.908,277.766
1782125291,393884277,1,848,480,59.649,58.842,1.106,57.736,8.004,11.241,12.84,25.652,49.733,0.803,0.004,258.524,318.156
1782125291,493804932,0,848,480,51.658,51.037,0.994,50.043,8.353,11.186,12.3,18.204,41.69,0.616,0.005,229.742,281.397
1782125291,560416992,1,848,480,59.133,58.328,1.027,57.302,7.053,14.41,12.789,23.05,50.249,0.8,0.004,226.317,285.451
1782125291,693635986,1,848,480,61.553,60.762,1.007,59.755,7.762,15.036,13.029,23.928,51.993,0.786,0.005,174.633,236.189
1782125291,726939697,1,848,480,59.253,58.455,0.96,57.494,8.174,16.536,13.621,19.163,49.32,0.793,0.005,218.713,277.975
1782125291,826848633,0,848,480,52.691,51.972,1.009,50.962,10.505,11.281,12.715,16.461,40.457,0.716,0.004,195.179,247.855
1782125291,860150879,1,848,480,51.089,50.105,0.95,49.155,7.759,11.295,12.862,17.239,41.396,0.98,0.004,224.972,276.079
1782125291,893060303,1,848,480,62.536,61.808,1.121,60.688,7.584,14.418,14.48,24.205,53.103,0.724,0.004,257.704,320.22
1782125291,926511719,1,848,480,58.545,57.599,1.663,55.936,10.118,16.391,13.105,16.322,45.818,0.942,0.004,298.471,357.151
1782125292,26868652,1,848,480,76.723,75.512,8.114,67.398,14.465,14.809,12.88,25.244,52.933,1.204,0.007,270.738,347.406
1782125292,127229980,1,848,480,67.076,66.339,1.165,65.174,11.434,13.999,13.007,26.734,53.74,0.733,0.004,258.11,325.181
1782125292,194140137,1,848,480,61.907,61.175,1.072,60.104,9.825,11.41,22.447,16.422,50.279,0.727,0.004,269.404,331.307
1782125292,294509033,1,848,480,62.913,62.285,0.914,61.37,11.517,21.308,12.348,16.198,49.854,0.625,0.004,241.331,304.248
1782125292,327966309,1,848,480,66.376,65.609,1.038,64.571,13.224,17.246,13.091,21.011,51.347,0.763,0.004,281.088,347.466
1782125292,394882568,1,848,480,68.105,66.816,1.679,65.138,12.756,14.243,13.067,25.072,52.382,1.279,0.009,296.259,368.332
1782125292,528720703,0,848,480,55.289,54.306,2.307,51.999,10.941,11.187,12.296,17.575,41.058,0.978,0.005,253.266,308.495
1782125292,662567139,0,848,480,60.117,59.046,2.7,56.347,11.919,11.175,12.278,20.975,44.428,1.06,0.011,237.223,297.1
1782125292,762957031,1,848,480,68.196,67.47,1.166,66.303,11.422,15.72,13.614,25.547,54.882,0.722,0.005,211.899,280.086
1782125292,796421387,1,848,480,64.148,63.41,3.477,59.933,8.776,15.555,13.667,21.936,51.157,0.734,0.004,260.372,324.519
1782125292,897318359,1,848,480,56.973,56.208,5.984,50.224,9.201,11.501,12.732,16.791,41.023,0.761,0.004,233.707,290.673
1782125292,997215332,0,848,480,54.604,53.862,4.666,49.196,9.329,11.458,12.583,15.828,39.868,0.737,0.005,200.796,255.39
1782125293,130403564,1,848,480,52.579,51.74,1.029,50.711,8.52,11.277,12.239,18.675,42.191,0.833,0.006,177.449,230.024
1782125293,163699463,0,848,480,53.662,52.882,1.082,51.8,10.595,11.103,12.538,17.563,41.204,0.776,0.004,213.061,266.721
1782125293,196994629,1,848,480,63.589,62.821,5.191,57.63,12.249,11.342,16.361,17.678,45.381,0.764,0.005,244.152,307.742
1782125293,296877441,0,848,480,51.67,50.903,1.01,49.894,9.004,11.126,12.47,17.294,40.89,0.762,0.005,223.324,274.995
1782125293,330170410,1,848,480,58.085,57.284,4.515,52.77,11.098,11.392,12.765,17.515,41.672,0.796,0.004,251.636,309.721
1782125293,430046875,0,848,480,60.218,59.443,5.239,54.204,12.078,11.103,14.002,17.021,42.126,0.772,0.004,221.385,281.539
1782125293,529918457,1,848,480,58.015,57.256,4.303,52.952,12.033,11.101,12.651,17.167,40.92,0.755,0.005,192.305,250.321
1782125293,563208008,0,848,480,56.228,55.484,5.478,50.007,8.868,11.104,13.186,16.848,41.138,0.74,0.004,227.195,283.423
1782125293,663073242,0,848,480,51.638,50.887,0.954,49.933,8.442,11.135,12.516,17.84,41.491,0.747,0.005,199.249,250.884
1782125293,696360596,0,848,480,51.118,50.352,1.387,48.965,7.617,11.642,12.284,17.422,41.348,0.762,0.005,228.518,279.635
1782125293,729647461,0,848,480,53.713,52.673,0.964,51.709,7.708,11.743,12.632,19.627,44.002,1.034,0.006,260.734,314.474
1782125293,796219482,1,848,480,72.436,71.632,1.829,69.803,11.825,22.531,13.823,21.625,57.978,0.799,0.005,267.374,339.775
1782125293,895728271,1,848,480,67.707,66.51,13.861,52.648,11.574,11.188,12.264,17.622,41.074,1.19,0.008,255.267,323.013
1782125293,929126465,1,848,480,67.612,66.824,1.922,64.902,9.913,15.779,13.372,25.838,54.989,0.784,0.005,315.782,383.381
1782125294,96129639,0,848,480,62.463,61.746,5.691,56.054,8.808,11.566,13.204,22.476,47.246,0.713,0.004,226.863,289.324
1782125294,129532715,1,848,480,62.43,61.687,1.023,60.664,9.877,15.817,13.585,21.384,50.786,0.74,0.004,266.129,328.554
1782125294,229747314,0,848,480,59.035,58.307,1.015,57.292,10.645,15.404,15.333,15.909,46.647,0.724,0.004,239.992,299.021
1782125294,363377930,0,848,480,62.919,62.088,1.033,61.055,8.608,13.907,13.044,25.496,52.448,0.823,0.007,206.132,269.054
1782125294,463609619,0,848,480,59.438,58.614,5.313,53.301,12.498,11.201,12.506,17.097,40.803,0.737,0.087,180.081,239.517
1782125294,563848877,0,848,480,54.623,53.657,1.343,52.313,11.558,11.19,12.236,17.329,40.756,0.958,0.008,256.054,310.694
1782125294,630679199,0,848,480,48.934,48.289,1.133,47.156,7.611,11.574,12.135,15.837,39.545,0.639,0.005,255.444,304.381
1782125294,764349365,0,848,480,50.897,50.158,1.008,49.15,7.439,11.305,12.203,18.202,41.71,0.73,0.009,253.792,304.716
1782125294,831189697,0,848,480,62.241,61.478,1.715,59.763,14.749,11.265,14.467,19.281,45.013,0.759,0.004,256.065,318.299
1782125294,931163818,0,848,480,62.728,62.02,3.797,58.223,14.014,11.171,12.628,20.409,44.209,0.704,0.004,230.367,293.092
1782125294,964488037,0,848,480,48.506,47.79,1.128,46.662,6.838,11.333,12.458,16.034,39.824,0.712,0.004,274.014,322.519
1782125295,164428955,1,848,480,59.815,59.067,1.306,57.761,12.836,14.136,12.695,18.094,44.926,0.741,0.007,227.207,287.03
1782125295,197751709,0,848,480,60.897,60.179,1.756,58.423,17.204,11.184,12.254,17.782,41.219,0.713,0.005,265.08,325.979
1782125295,331040527,1,848,480,50.775,49.899,1.107,48.792,7.184,11.074,12.289,18.245,41.608,0.871,0.006,209.77,260.547
1782125295,397683594,0,848,480,56.959,56.139,1.176,54.963,13.281,11.408,12.295,17.979,41.682,0.815,0.005,205.504,262.468
1782125295,464325684,0,848,480,50.983,50.189,1.322,48.868,7.546,11.132,12.209,17.98,41.321,0.789,0.005,206.992,257.976
1782125295,530966797,0,848,480,56.462,55.593,1.45,54.143,13.286,11.216,12.287,17.354,40.857,0.86,0.009,213.347,269.837
1782125295,630927246,1,848,480,56.16,55.363,1.252,54.111,11.873,11.166,12.236,18.835,42.238,0.789,0.008,229.239,285.385
1782125295,664246826,1,848,480,59.87,59.046,1.785,57.261,13.637,11.128,12.588,19.908,43.624,0.82,0.005,262.942,322.812
1782125295,764204346,1,848,480,53.216,52.401,2.022,50.379,9.36,11.139,12.378,17.502,41.019,0.81,0.006,233.796,287.009
1782125295,797523193,0,848,480,56.097,55.348,2.606,52.741,11.411,11.19,12.266,17.874,41.33,0.745,0.004,264.488,320.571
1782125295,864403809,1,848,480,60.871,60.127,1.085,59.043,9.731,19.279,12.921,17.111,49.311,0.738,0.006,269.728,330.583
1782125295,931038818,0,848,480,53.655,52.476,0.962,51.514,10.055,11.66,12.884,16.915,41.459,1.174,0.005,274.283,327.963
1782125296,30988281,1,848,480,68.313,67.586,2.249,65.337,11.831,18.534,13.433,21.538,53.506,0.723,0.004,245.757,313.913
1782125296,64303955,0,848,480,52.88,51.63,1.402,50.228,10.543,11.334,12.548,15.803,39.685,1.243,0.007,291.714,344.619
1782125296,130934570,1,848,480,66.489,65.302,2.873,62.429,12.673,14.522,12.966,22.268,49.756,1.179,0.008,298.036,364.509
1782125296,197563477,0,848,480,49.554,48.514,1.278,47.236,7.972,11.516,12.26,15.487,39.264,1.036,0.004,311.673,361.237
1782125296,297504150,0,848,480,55.265,54.377,2.074,52.304,10.964,11.22,12.201,17.918,41.34,0.881,0.006,286.414,341.666
1782125296,397441406,1,848,480,51.389,50.261,1.454,48.806,7.758,11.112,12.423,17.513,41.048,1.123,0.006,260.396,311.809
1782125296,464064453,0,848,480,60.544,59.348,2.187,57.161,11.498,14.399,14.565,16.698,45.663,1.191,0.005,258.943,319.519
1782125296,563996338,0,848,480,50.952,50.214,2.18,48.034,7.605,11.238,12.783,16.408,40.429,0.734,0.004,236.06,286.993
1782125296,597306396,0,848,480,61.174,60.45,1.373,59.077,9.371,16.164,13.182,20.36,49.706,0.72,0.004,267.589,328.762
1782125296,663925049,0,848,480,55.508,54.754,0.957,53.797,7.842,11.323,13.366,21.266,45.955,0.75,0.004,276.159,331.671
1782125296,763850342,0,848,480,60.474,59.773,0.968,58.805,7.464,16.783,13.728,20.831,51.342,0.697,0.004,245.878,306.352
1782125296,797157959,0,848,480,55.209,54.191,1.28,52.911,13.907,11.353,12.239,15.411,39.004,1.014,0.004,288.555,351.111
1782125296,930364502,0,848,480,60.819,60.065,1.142,58.923,7.971,14.637,13.026,23.288,50.952,0.75,0.004,250.013,310.828
1782125296,963681396,0,848,480,50.873,50.034,0.945,49.089,7.493,11.261,12.442,17.893,41.596,0.834,0.005,292.94,343.822
1782125297,130259277,0,848,480,50.646,49.554,1.412,48.141,7.667,11.076,12.23,17.168,40.474,1.063,0.029,241.187,291.886
1782125297,230201904,0,848,480,51.22,50.42,1.19,49.23,7.701,11.212,12.22,18.096,41.529,0.796,0.004,216.649,267.849
1782125297,263515137,0,848,480,54.807,54.064,1.063,53.0,10.947,11.475,12.366,18.211,42.053,0.735,0.008,245.188,300.004
1782125297,330140869,0,848,480,54.953,53.892,1.68,52.213,11.298,11.472,12.247,17.195,40.915,1.051,0.009,244.624,299.616
1782125297,363453125,0,848,480,57.752,56.999,1.091,55.908,7.662,15.207,12.167,20.872,48.246,0.745,0.007,277.812,335.562
1782125297,430076660,0,848,480,53.711,52.018,2.149,49.869,9.317,11.34,12.226,16.986,40.552,1.685,0.007,279.709,333.568
1782125297,563319336,0,848,480,55.506,54.746,1.184,53.562,7.931,11.243,12.373,22.016,45.631,0.756,0.004,215.794,271.278
1782125297,596629150,0,848,480,49.807,49.031,1.045,47.986,7.083,11.327,12.684,16.892,40.903,0.772,0.004,253.109,302.917
1782125297,629938477,0,848,480,55.177,54.454,1.064,53.391,7.921,15.829,13.177,16.464,45.47,0.719,0.004,279.465,334.64
1782125297,663247314,0,848,480,65.897,64.975,1.432,63.544,12.411,11.347,13.072,26.714,51.133,0.914,0.007,311.226,377.18
1782125297,863093506,0,848,480,66.21,65.496,2.487,63.009,15.085,13.9,13.043,20.98,47.924,0.708,0.006,193.159,259.341
1782125297,996328857,0,848,480,63.383,62.631,0.968,61.663,7.407,19.323,13.028,21.904,54.256,0.748,0.004,140.65,204.04
1782125298,29645508,0,848,480,64.729,64.016,1.479,62.537,10.343,15.835,13.912,22.447,52.194,0.71,0.004,187.1,251.831
1782125298,162908447,0,848,480,54.239,53.524,1.464,52.06,9.503,12.08,12.736,17.741,42.557,0.712,0.004,128.568,182.803
1782125298,196223389,0,848,480,50.814,49.983,0.909,49.074,8.875,11.677,12.534,15.987,40.198,0.827,0.004,164.723,215.592
1782125298,229537842,0,848,480,51.318,50.611,1.372,49.238,8.996,11.645,12.505,16.092,40.243,0.704,0.004,192.652,243.964
1782125298,262852051,0,848,480,50.104,49.221,1.416,47.805,7.598,11.587,12.577,16.042,40.207,0.879,0.004,220.804,270.907
1782125298,296165771,0,848,480,48.487,47.773,1.023,46.75,6.776,11.362,12.723,15.889,39.974,0.71,0.004,248.042,296.524
1782125298,329479248,0,848,480,58.105,57.396,1.234,56.162,10.829,16.64,12.794,15.899,45.333,0.705,0.004,273.706,331.808
1782125298,362792236,0,848,480,55.359,54.361,2.649,51.713,11.404,11.639,12.376,16.293,40.309,0.994,0.004,308.82,364.21
1782125298,396104980,0,848,480,55.445,54.317,2.017,52.3,13.115,11.327,12.32,15.538,39.185,1.122,0.006,344.765,400.211
1782125298,462729004,0,848,480,51.604,50.663,1.515,49.148,10.077,11.414,12.321,15.336,39.071,0.936,0.004,348.292,399.883
1782125298,529351807,0,848,480,64.991,64.03,1.423,62.607,11.213,14.706,12.789,23.898,51.393,0.954,0.008,350.691,415.697
1782125298,662593018,0,848,480,56.787,55.947,1.524,54.422,9.688,13.799,12.794,18.142,44.734,0.835,0.005,302.972,359.765
1782125298,829129150,0,848,480,61.708,60.976,1.067,59.909,9.654,14.43,12.828,22.997,50.255,0.727,0.004,255.77,317.475
1782125298,995715088,0,848,480,60.995,60.202,1.087,59.115,7.877,14.555,12.813,23.87,51.238,0.789,0.004,218.726,279.722
1782125299,162291748,0,848,480,54.422,53.136,1.256,51.88,12.278,11.324,12.146,16.131,39.602,1.278,0.008,233.256,287.892
1782125299,195605957,0,848,480,55.829,54.671,2.349,52.322,11.519,11.159,12.433,17.21,40.802,1.151,0.007,271.505,327.305
1782125299,328859375,0,848,480,51.398,50.753,1.308,49.445,7.193,11.15,12.35,18.753,42.252,0.64,0.005,218.034,269.419
1782125299,395483887,1,848,480,60.686,54.565,1.702,52.863,9.415,12.408,12.469,18.571,43.448,6.112,0.009,214.661,275.367
1782125299,528728271,0,848,480,61.569,60.406,1.086,59.319,8.879,14.371,12.891,23.178,50.44,1.152,0.011,204.064,265.696
1782125299,595348145,1,848,480,51.948,50.767,1.066,49.701,7.734,11.119,12.654,18.194,41.967,1.175,0.006,220.932,272.922
1782125299,628657715,1,848,480,50.424,49.693,1.135,48.557,7.4,11.445,12.794,16.919,41.158,0.727,0.004,261.738,312.158
1782125299,661966797,1,848,480,54.892,54.138,1.259,52.879,9.548,11.795,12.936,18.6,43.331,0.749,0.005,293.813,348.716
1782125299,761891846,1,848,480,54.356,53.662,1.297,52.365,9.783,12.356,12.572,17.653,42.582,0.689,0.004,260.412,314.765
1782125299,795199463,1,848,480,59.637,58.889,1.461,57.428,9.636,18.408,12.464,16.92,47.792,0.744,0.004,293.381,353.019
1782125299,861769775,1,848,480,56.678,55.941,1.736,54.205,10.145,13.937,12.549,17.574,44.061,0.733,0.005,296.392,355.132
1782125299,928404785,1,848,480,59.77,59.023,2.303,56.721,10.049,11.502,13.099,22.069,46.671,0.742,0.005,302.683,362.435
1782125300,28354736,1,848,480,51.803,49.08,0.973,48.107,7.05,11.477,12.661,16.919,41.056,2.716,0.008,278.02,329.837
1782125300,61670654,1,848,480,48.878,48.12,0.957,47.163,6.897,11.421,12.771,16.074,40.266,0.754,0.004,313.243,362.121
1782125300,128301270,1,848,480,60.378,59.634,7.599,52.035,6.926,11.406,12.802,20.901,45.109,0.74,0.004,305.52,365.92
1782125300,194930420,1,848,480,53.347,52.557,1.871,50.686,9.979,11.689,12.79,16.228,40.708,0.786,0.004,315.267,368.681
1782125300,294871582,1,848,480,57.566,56.83,7.061,49.769,8.025,13.031,12.825,15.888,41.744,0.732,0.004,278.94,336.574
1782125300,328184570,1,848,480,54.238,53.498,1.091,52.407,11.095,12.874,12.232,16.206,41.312,0.736,0.004,320.333,374.559
1782125300,394809326,1,848,480,50.426,49.586,1.105,48.481,8.247,11.716,12.542,15.977,40.235,0.834,0.006,319.957,370.39
1782125300,594675049,1,848,480,52.977,51.773,1.031,50.742,8.324,11.229,12.203,18.987,42.418,1.197,0.007,261.481,314.666
1782125300,794527344,1,848,480,50.792,49.938,1.118,48.82,7.962,11.29,12.24,17.328,40.858,0.847,0.007,244.583,295.381
1782125300,994367188,1,848,480,51.078,50.257,1.151,49.106,9.361,11.407,12.171,16.166,39.745,0.815,0.006,228.779,279.864
1782125301,27682617,1,848,480,57.831,56.684,1.443,55.241,12.346,12.531,12.156,18.208,42.895,1.14,0.008,260.494,318.368
1782125301,94312500,1,848,480,53.611,52.666,1.355,51.311,9.924,11.113,12.55,17.724,41.387,0.94,0.005,273.44,327.054
1782125301,160940674,1,848,480,61.96,61.179,2.177,59.002,9.458,11.325,15.243,22.975,49.544,0.775,0.005,274.589,336.53
1782125301,260880127,0,848,480,55.633,54.931,0.932,54.0,7.291,16.725,13.71,16.274,46.709,0.697,0.004,257.156,312.788
1782125301,294192627,1,848,480,55.058,54.326,1.25,53.076,13.303,11.314,12.429,16.03,39.773,0.728,0.004,299.832,354.883
1782125301,360816162,1,848,480,50.41,49.673,1.14,48.532,8.458,11.445,12.498,16.131,40.074,0.733,0.004,299.449,349.848
1782125301,427438477,1,848,480,56.453,55.657,2.095,53.562,13.914,11.421,12.271,15.955,39.647,0.792,0.004,300.046,356.478
1782125301,660604492,0,848,480,50.458,49.646,1.083,48.563,7.437,11.251,12.272,17.603,41.126,0.804,0.008,218.627,269.11
1782125301,727219971,1,848,480,65.771,65.056,1.307,63.749,12.935,11.243,12.184,27.387,50.814,0.71,0.006,217.503,283.283
1782125301,860446533,1,848,480,54.989,54.09,1.034,53.056,9.487,11.732,12.163,19.673,43.569,0.891,0.007,162.691,217.706
1782125301,893718506,0,848,480,51.423,50.39,0.988,49.402,7.74,11.305,12.159,18.198,41.662,1.027,0.005,195.222,252.082
1782125302,26983154,1,848,480,60.668,50.955,1.881,49.073,8.459,11.345,12.275,16.994,40.614,9.704,0.009,239.501,300.171
1782125302,60298340,0,848,480,49.582,48.765,1.165,47.6,7.089,11.121,12.202,17.188,40.511,0.811,0.006,281.74,331.315
1782125302,93613281,0,848,480,52.756,52.095,1.888,50.207,9.016,11.148,12.357,17.686,41.191,0.656,0.005,318.193,370.801
1782125302,260181885,1,848,480,51.409,50.4,1.1,49.3,7.442,11.285,12.209,18.364,41.858,1.002,0.006,222.069,273.506
1782125302,393429932,1,848,480,49.692,48.872,1.197,47.675,8.12,11.389,12.204,15.962,39.555,0.815,0.005,205.387,255.054
1782125302,426741211,0,848,480,55.003,53.02,1.164,51.856,10.766,11.141,12.333,17.616,41.09,1.976,0.007,240.234,295.273
1782125302,526672119,1,848,480,57.771,57.071,2.168,54.903,12.732,11.15,12.23,18.79,42.17,0.693,0.007,264.873,322.282
1782125302,626599854,1,848,480,55.637,54.874,1.012,53.863,8.633,11.105,12.233,21.892,45.23,0.758,0.005,241.996,297.633
1782125302,659908447,1,848,480,64.377,63.119,1.352,61.766,11.107,14.713,13.758,22.187,50.659,1.252,0.006,278.559,342.961
1782125302,726524170,0,848,480,64.113,63.18,1.724,61.456,12.351,17.154,12.506,19.446,49.106,0.928,0.004,291.876,355.993
1782125302,793138672,1,848,480,56.945,56.204,2.143,54.061,12.343,11.681,12.481,17.556,41.718,0.737,0.004,303.787,360.704
1782125302,892789795,1,848,480,61.561,60.859,4.335,56.524,15.313,12.011,12.354,16.846,41.211,0.697,0.005,272.158,333.716
1782125302,926183594,1,848,480,52.438,51.706,1.961,49.745,9.914,11.315,12.307,16.209,39.831,0.728,0.004,313.971,366.393
1782125302,992973389,1,848,480,57.678,56.947,0.988,55.958,15.975,11.386,12.325,16.272,39.983,0.727,0.004,310.122,367.795
1782125303,59765869,1,848,480,55.618,54.884,1.046,53.838,9.737,15.025,12.906,16.169,44.101,0.728,0.006,319.129,374.746
1782125303,159959717,0,848,480,59.087,58.157,0.965,57.192,7.416,14.857,12.908,22.01,49.776,0.924,0.006,298.661,357.754
1782125303,193359131,1,848,480,65.482,64.69,1.232,63.458,10.653,14.672,13.146,24.986,52.805,0.788,0.004,335.24,400.727
1782125303,393770020,0,848,480,61.947,60.914,1.027,59.887,8.057,14.615,13.198,24.016,51.83,1.025,0.008,264.416,326.386
1782125303,427174072,1,848,480,61.699,60.909,1.022,59.887,8.747,14.03,13.445,23.666,51.14,0.785,0.005,310.066,371.767
1782125303,527390869,1,848,480,54.997,54.217,1.081,53.137,7.54,15.817,13.613,16.166,45.596,0.775,0.004,289.647,344.648
1782125303,594205566,1,848,480,67.927,67.178,5.754,61.423,15.844,17.051,12.362,16.167,45.579,0.745,0.004,288.062,355.985
1782125303,694432861,1,848,480,55.426,54.704,1.293,53.41,13.531,11.424,12.294,16.161,39.879,0.718,0.004,272.881,328.295
1782125303,727843262,1,848,480,58.862,58.02,1.2,56.82,13.184,11.405,12.382,19.849,43.636,0.835,0.006,319.637,378.41
1782125303,861528320,1,848,480,57.766,57.079,1.288,55.791,11.001,12.159,12.575,20.056,44.79,0.681,0.006,259.471,317.238
1782125303,928337402,1,848,480,67.782,66.938,1.249,65.689,21.801,11.421,12.496,19.971,43.888,0.834,0.009,261.246,329.035
1782125303,995149902,1,848,480,57.464,56.722,1.473,55.249,12.644,11.854,12.602,18.149,42.605,0.736,0.007,274.889,332.359
1782125304,61965332,1,848,480,73.199,72.242,1.053,71.189,7.389,11.539,12.464,39.796,63.799,0.95,0.007,280.882,354.086
1782125304,128783936,1,848,480,91.678,90.894,16.429,74.465,14.096,11.288,12.342,36.74,60.37,0.778,0.005,313.327,402.229
1782125304,262430664,1,848,480,89.038,88.228,3.363,84.864,37.267,11.378,12.373,23.846,47.597,0.805,0.005,308.626,397.64
1782125304,529761719,1,848,480,60.109,59.293,1.454,57.839,15.436,11.364,12.595,18.443,42.403,0.811,0.005,154.682,214.793
1782125304,663445801,1,848,480,70.833,69.988,1.573,68.415,9.348,11.475,12.457,35.134,59.067,0.841,0.005,110.871,181.708
1782125304,696868896,1,848,480,54.968,54.15,2.053,52.097,10.084,11.127,12.437,18.449,42.013,0.814,0.005,163.794,218.757
1782125304,730292725,1,848,480,58.597,57.823,1.945,55.878,9.528,11.766,12.638,21.946,46.35,0.769,0.004,196.773,255.365
1782125304,763717285,1,848,480,60.62,59.839,1.278,58.561,9.207,11.884,12.72,24.749,49.354,0.776,0.004,232.482,293.109
1782125304,863777344,1,848,480,66.496,65.747,1.003,64.743,14.635,15.009,13.75,21.351,50.109,0.746,0.004,301.526,368.017
1782125305,98166748,1,848,480,54.045,53.195,1.028,52.167,10.784,11.59,12.6,17.192,41.383,0.846,0.005,143.935,197.982
1782125305,198631348,1,848,480,54.704,53.934,1.178,52.756,10.711,11.227,12.636,18.182,42.045,0.765,0.004,109.455,164.161
1782125305,232121094,1,848,480,57.963,57.12,1.295,55.826,12.014,11.511,15.445,16.855,43.811,0.838,0.004,141.085,199.036
1782125305,265611572,1,848,480,53.924,53.2,1.844,51.357,10.717,11.831,12.584,16.225,40.64,0.719,0.004,179.314,233.237
1782125305,299102783,1,848,480,55.081,54.338,1.063,53.275,12.518,11.485,12.445,16.828,40.758,0.738,0.004,216.146,271.227
1782125305,332594727,1,848,480,54.129,53.371,1.623,51.748,11.647,11.358,12.128,16.615,40.101,0.749,0.009,260.865,315.021
1782125305,366087646,1,848,480,60.907,60.064,1.32,58.744,15.501,11.314,12.3,19.63,43.243,0.837,0.006,292.956,353.864
1782125305,433075684,1,848,480,58.095,57.23,1.419,55.811,12.487,11.269,12.794,19.261,43.324,0.859,0.005,300.776,358.874
1782125305,533563721,1,848,480,55.286,54.434,1.918,52.515,10.669,11.796,12.686,17.363,41.846,0.849,0.004,274.008,329.289
1782125305,600559570,1,848,480,49.581,48.814,0.92,47.893,7.04,11.082,12.58,17.192,40.854,0.763,0.004,280.012,329.594
1782125305,667558594,1,848,480,49.617,48.895,0.873,48.023,7.649,11.42,12.584,16.37,40.374,0.718,0.004,281.417,331.037
1782125305,734561035,1,848,480,55.01,54.082,0.941,53.141,7.406,15.935,12.608,17.19,45.734,0.924,0.004,282.662,337.672
1782125305,835943604,1,848,480,50.157,49.418,0.935,48.483,7.958,11.85,12.487,16.188,40.525,0.735,0.004,254.433,304.588
1782125305,869274902,1,848,480,50.614,49.839,1.163,48.676,7.889,11.934,12.419,16.434,40.786,0.771,0.004,287.807,338.4
1782125305,935936523,1,848,480,51.804,51.027,1.014,50.013,9.002,11.441,12.86,16.709,41.01,0.773,0.005,281.66,333.473
1782125306,2597412,1,848,480,53.576,52.776,0.952,51.825,8.761,12.416,12.736,17.911,43.064,0.792,0.007,282.084,335.673
1782125306,102586914,1,848,480,52.403,51.558,1.096,50.462,9.215,12.172,13.195,15.881,41.247,0.838,0.007,248.954,301.368
1782125306,135916260,1,848,480,49.902,49.161,1.445,47.716,7.184,12.221,12.218,16.093,40.532,0.736,0.005,292.13,342.032
1782125306,202574219,1,848,480,48.352,47.623,0.958,46.665,6.654,11.415,12.354,16.242,40.011,0.723,0.006,310.296,358.648
1782125306,269231201,1,848,480,50.07,49.341,0.963,48.377,8.151,11.455,12.224,16.546,40.226,0.725,0.004,326.938,377.005
1782125306,335887207,1,848,480,55.566,54.555,1.011,53.544,7.13,13.226,14.565,18.623,46.414,1.001,0.01,346.125,401.708
1782125306,602501465,1,848,480,52.797,52.015,1.016,50.999,8.449,11.575,12.16,18.815,42.549,0.777,0.006,153.663,206.467
1782125306,769127441,1,848,480,51.282,50.607,1.376,49.231,7.332,11.31,12.171,18.418,41.899,0.67,0.005,117.042,168.33
1782125306,802451904,1,848,480,55.118,54.329,1.3,53.029,9.517,12.205,12.488,18.819,43.512,0.784,0.004,155.451,210.574
1782125306,835776123,1,848,480,64.845,64.088,1.74,62.348,15.546,14.99,13.595,18.217,46.802,0.753,0.004,187.229,252.072
1782125306,869100098,1,848,480,57.216,56.48,1.431,55.049,13.915,12.019,12.688,16.427,41.134,0.731,0.005,228.755,285.973
1782125306,902423828,1,848,480,54.084,53.139,1.213,51.926,9.948,12.338,12.77,16.869,41.978,0.941,0.004,264.251,318.333
1782125306,935747314,1,848,480,52.058,51.407,1.434,49.973,8.268,11.345,12.36,18.0,41.706,0.645,0.005,312.838,364.881
1782125306,969070557,1,848,480,58.084,57.175,5.704,51.471,9.758,11.34,12.191,18.182,41.713,0.902,0.007,342.33,400.384
1782125307,35724121,1,848,480,57.032,56.232,5.445,50.787,9.315,12.629,12.59,16.253,41.472,0.795,0.005,344.493,401.528
1782125307,102382568,0,848,480,83.116,82.495,5.683,76.813,15.239,19.089,17.863,24.622,61.574,0.616,0.004,345.605,428.703
1782125307,202368652,1,848,480,57.944,57.093,3.725,53.368,11.153,11.741,12.389,18.086,42.216,0.844,0.007,340.523,398.474
1782125307,335679688,1,848,480,60.326,59.364,5.929,53.435,12.614,11.501,12.504,16.816,40.821,0.957,0.004,299.329,359.611
1782125307,635615234,1,848,480,56.23,55.329,1.866,53.463,11.264,11.346,12.169,18.684,42.199,0.894,0.006,82.123,138.361
1782125307,735589355,1,848,480,50.875,50.168,1.189,48.979,8.732,11.327,12.192,16.727,40.247,0.702,0.006,66.838,117.718
1782125307,768913574,1,848,480,52.729,52.07,1.27,50.8,9.092,11.153,12.218,18.337,41.708,0.653,0.006,103.882,156.607
1782125307,868884521,1,848,480,60.299,50.559,1.05,49.509,7.975,11.202,12.277,18.055,41.534,9.732,0.008,186.096,246.42
1782125307,901960449,1,848,480,50.636,49.724,1.008,48.717,7.034,11.224,12.29,18.168,41.682,0.906,0.006,224.139,274.787
1782125307,935364990,1,848,480,62.683,61.961,1.48,60.482,11.809,11.41,15.12,22.143,48.672,0.718,0.004,256.785,319.462
1782125307,968770508,1,848,480,61.189,60.453,1.139,59.314,9.883,21.039,12.329,16.063,49.431,0.732,0.004,300.678,361.864
1782125308,2176758,1,848,480,55.175,54.431,1.168,53.263,12.608,11.976,12.45,16.229,40.656,0.738,0.005,346.324,401.496
1782125308,169219727,0,848,480,60.159,59.38,1.029,58.351,8.327,14.004,12.941,23.079,50.024,0.775,0.004,262.713,322.873
1782125308,236042236,1,848,480,67.019,66.282,1.028,65.255,8.009,13.777,21.683,21.786,57.246,0.733,0.004,271.212,338.23
1782125308,302867920,1,848,480,60.591,59.558,1.045,58.514,18.887,11.346,12.238,16.043,39.627,1.029,0.004,288.519,349.084
1782125308,369696777,1,848,480,62.505,61.507,1.23,60.277,11.473,14.36,13.095,21.349,48.804,0.992,0.006,297.402,359.878
1782125308,469946045,1,848,480,51.623,50.528,1.29,49.237,7.672,11.47,12.369,17.727,41.566,1.089,0.006,285.41,337.011
1782125308,637043457,2,848,480,63.85,63.02,1.42,61.6,8.725,14.204,13.046,25.626,52.875,0.826,0.005,232.242,296.076
1782125308,703887939,1,848,480,56.618,55.473,1.401,54.072,9.699,11.378,12.632,20.363,44.373,1.119,0.026,240.705,297.351
1782125308,770735596,1,848,480,61.75,60.914,1.232,59.682,7.542,14.63,13.76,23.75,52.14,0.832,0.005,255.669,317.406
1782125308,904694092,1,848,480,51.832,51.038,1.045,49.993,9.166,11.128,12.572,17.128,40.828,0.789,0.004,193.713,245.541
1782125308,938038086,1,848,480,57.022,55.945,1.326,54.619,9.406,11.396,16.487,17.331,45.213,1.071,0.006,228.536,285.566
1782125309,38068604,1,848,480,57.92,57.154,1.567,55.587,9.572,12.19,15.995,17.83,46.015,0.763,0.004,196.572,254.493
1782125309,71411865,1,848,480,62.082,61.35,1.17,60.18,12.663,11.809,18.408,17.3,47.517,0.728,0.004,230.951,293.023
1782125309,104755127,1,848,480,56.091,55.245,1.113,54.132,9.294,15.84,12.432,16.567,44.839,0.842,0.004,271.287,327.375
1782125309,138098145,1,848,480,57.178,56.234,1.934,54.3,9.598,15.4,12.508,16.795,44.703,0.939,0.005,304.466,361.648
1782125309,238126465,1,848,480,62.12,61.316,0.956,60.36,9.322,17.478,16.855,16.705,51.038,0.799,0.005,274.064,336.19
1782125309,338153564,1,848,480,65.097,64.366,1.191,63.175,22.491,11.894,12.48,16.311,40.685,0.727,0.004,246.679,311.774
1782125309,404837891,1,848,480,51.901,51.178,1.047,50.131,9.286,11.573,12.48,16.792,40.845,0.719,0.004,255.961,307.844
1782125309,504863037,1,848,480,51.64,50.867,1.043,49.824,9.023,11.221,12.667,16.913,40.801,0.769,0.004,217.685,269.335
1782125309,538204590,1,848,480,52.828,52.036,0.956,51.08,8.883,11.347,14.17,16.68,42.197,0.788,0.004,249.873,302.71
1782125309,571546143,1,848,480,56.531,55.745,6.043,49.702,9.308,11.31,12.611,16.473,40.395,0.781,0.004,279.837,336.323
1782125309,638228516,1,848,480,59.801,58.739,0.922,57.817,7.475,11.377,22.249,16.715,50.341,1.056,0.005,280.169,339.995
1782125309,738251221,1,848,480,53.054,51.913,2.034,49.88,9.145,11.667,12.529,16.539,40.734,1.117,0.023,262.445,315.483
1782125309,904953857,1,848,480,55.119,54.468,1.085,53.383,8.033,14.174,12.966,18.21,45.35,0.647,0.005,246.78,301.885
1782125309,971634277,1,848,480,59.877,59.02,6.814,52.205,10.65,11.281,12.24,18.034,41.555,0.851,0.006,246.408,306.32
1782125310,104993652,1,848,480,63.562,62.523,1.69,60.833,9.163,13.827,13.037,24.806,51.67,1.033,0.007,235.844,299.42
1782125310,205011963,1,848,480,58.895,58.107,1.109,56.998,11.447,11.162,12.267,22.123,45.551,0.784,0.004,211.022,269.923
1782125310,238350830,1,848,480,61.944,61.135,5.647,55.488,11.48,11.407,13.75,18.851,44.008,0.805,0.004,247.329,309.28
1782125310,338367432,1,848,480,56.945,56.177,1.123,55.053,12.971,11.163,12.546,18.374,42.083,0.764,0.005,219.802,276.751
1782125310,471720703,1,848,480,56.068,55.194,1.291,53.903,12.182,11.082,12.324,18.315,41.721,0.868,0.006,204.317,260.405
1782125310,538396240,0,848,480,69.375,68.583,1.536,67.047,17.24,11.13,12.296,26.38,49.807,0.787,0.005,205.391,274.767
1782125310,605071533,1,848,480,53.698,52.926,1.079,51.847,9.204,11.917,12.648,18.078,42.643,0.768,0.004,222.551,276.248
1782125310,638408936,1,848,480,57.073,56.32,7.675,48.645,7.45,11.877,12.555,16.763,41.196,0.749,0.004,253.049,310.049
1782125310,671746094,1,848,480,52.358,51.629,1.0,50.63,7.784,11.511,12.809,18.525,42.845,0.724,0.004,294.903,347.259
1782125310,771757080,1,848,480,55.351,54.628,3.72,50.908,9.088,11.87,12.461,17.488,41.82,0.719,0.004,257.334,312.681
1782125310,805093750,1,848,480,58.635,57.913,1.051,56.862,9.315,11.921,12.753,22.872,47.546,0.719,0.004,297.22,355.853
1782125310,871862549,1,848,480,80.761,80.066,3.619,76.448,22.364,15.821,13.064,25.198,54.084,0.689,0.006,299.794,380.568
1782125311,5240234,1,848,480,70.59,69.834,1.014,68.82,15.827,14.741,13.714,24.537,52.993,0.752,0.004,258.206,328.79
1782125311,138616211,1,848,480,53.467,52.519,1.24,51.279,9.317,11.137,12.221,18.605,41.962,0.939,0.008,249.191,302.648
1782125311,205303467,1,848,480,61.827,61.068,5.357,55.711,13.285,11.194,12.471,18.762,42.427,0.754,0.005,247.412,309.231
1782125311,305333252,1,848,480,54.44,53.656,1.322,52.334,10.799,11.276,12.251,18.008,41.534,0.779,0.005,220.5,274.944
1782125311,338676514,1,848,480,59.347,58.582,1.603,56.979,9.183,11.324,12.445,24.027,47.796,0.761,0.005,252.568,311.924
1782125311,438705078,1,848,480,53.37,52.662,1.547,51.115,9.129,11.263,12.361,18.362,41.987,0.702,0.006,222.577,275.962
1782125311,505390137,1,848,480,51.504,50.735,1.081,49.655,7.428,11.345,12.643,18.239,42.227,0.764,0.005,225.135,276.646
1782125311,638759033,1,848,480,69.462,68.38,2.038,66.342,12.991,14.42,12.969,25.963,53.351,1.077,0.005,205.522,275.004
1782125311,705442871,1,848,480,60.497,59.74,0.923,58.817,7.743,15.111,13.806,22.157,51.074,0.753,0.005,227.403,287.899
1782125311,738784668,1,848,480,54.765,53.989,0.903,53.087,11.439,11.547,12.912,17.189,41.648,0.771,0.004,264.799,319.568
1782125311,805467529,1,848,480,57.963,57.203,0.932,56.271,8.529,11.674,13.347,22.723,47.743,0.755,0.005,267.598,325.566
1782125311,938832520,1,848,480,52.032,51.254,1.121,50.133,9.958,11.457,12.218,16.5,40.175,0.774,0.004,230.096,282.127
1782125311,972173340,1,848,480,67.635,66.56,1.162,65.398,14.292,15.222,12.985,22.898,51.106,1.069,0.006,261.268,328.932
1782125312,38854736,1,848,480,67.391,66.63,1.969,64.661,11.351,14.116,13.685,25.509,53.31,0.756,0.004,279.188,346.549
1782125312,205555664,1,848,480,56.444,55.663,0.932,54.731,8.108,15.077,12.967,18.578,46.623,0.777,0.004,190.704,247.147
1782125312,238895264,0,848,480,56.751,55.613,0.937,54.676,7.748,15.479,13.232,18.217,46.928,1.133,0.005,224.592,281.365
1782125312,272234863,1,848,480,66.275,65.549,2.084,63.465,12.787,15.715,13.547,21.415,50.678,0.721,0.005,261.71,327.966
1782125312,305574463,0,848,480,63.42,57.215,6.927,50.288,10.843,11.558,12.4,15.487,39.445,6.196,0.009,305.308,368.752
1782125312,405592041,0,848,480,66.861,66.058,1.615,64.443,12.178,15.518,12.944,23.802,52.265,0.798,0.005,283.342,350.17
1782125312,572285156,1,848,480,64.76,63.878,1.057,62.82,8.999,14.424,13.154,26.243,53.822,0.878,0.005,250.435,315.197
1782125312,672299561,1,848,480,61.566,60.848,0.957,59.891,8.652,13.896,14.243,23.099,51.238,0.713,0.005,236.37,297.931
1782125312,705637207,1,848,480,59.014,58.26,1.139,57.12,16.686,11.363,12.396,16.675,40.434,0.75,0.004,288.698,347.697
1782125312,772312500,1,848,480,62.412,61.575,1.98,59.596,17.743,11.411,12.213,18.228,41.853,0.831,0.006,292.333,354.751
1782125312,939090576,1,848,480,69.963,68.904,2.03,66.874,10.995,13.996,13.09,28.794,55.88,1.053,0.006,207.567,277.527
1782125312,972434814,0,848,480,62.935,62.159,4.081,58.078,7.666,16.312,13.099,21.0,50.412,0.772,0.004,256.545,319.48
1782125313,5779053,0,848,480,48.956,48.239,1.386,46.853,7.126,11.431,12.301,15.996,39.727,0.713,0.004,296.289,345.239
1782125313,72467041,0,848,480,49.586,48.825,0.984,47.842,7.174,11.242,12.616,16.81,40.668,0.756,0.005,288.715,338.306
1782125313,172498047,1,848,480,53.207,52.417,3.457,48.96,7.566,11.166,12.671,17.558,41.395,0.786,0.005,252.886,306.103
1782125313,205841553,0,848,480,49.611,48.838,0.948,47.89,7.165,11.297,12.715,16.714,40.726,0.768,0.004,286.937,336.552
1782125313,272528076,1,848,480,57.267,56.483,7.718,48.765,7.338,11.547,12.676,17.205,41.427,0.779,0.005,280.647,337.915
1782125313,339214111,0,848,480,50.173,49.111,0.964,48.147,7.09,11.117,12.468,17.472,41.057,1.052,0.009,286.709,336.925
1782125313,439242432,1,848,480,51.067,50.249,1.053,49.197,7.301,11.157,12.26,18.479,41.896,0.812,0.005,252.254,303.321
1782125313,472584717,0,848,480,50.091,49.329,1.037,48.292,7.126,11.533,12.203,17.43,41.166,0.757,0.005,280.954,331.046
1782125313,539269287,0,848,480,49.63,48.896,0.918,47.978,6.968,11.208,12.463,17.34,41.01,0.729,0.005,280.452,330.086
1782125313,605953613,0,848,480,61.026,60.266,3.814,56.452,10.594,15.141,13.943,16.774,45.859,0.756,0.004,274.427,335.434
1782125313,705978760,0,848,480,67.305,64.742,6.42,58.321,10.67,16.174,15.042,16.435,47.651,2.559,0.005,246.098,313.744
1782125313,739320313,1,848,480,77.792,65.914,1.256,64.658,12.391,14.909,14.581,22.778,52.268,11.869,0.009,305.585,383.351
1782125313,939357910,1,848,480,52.902,52.157,1.54,50.617,9.916,11.257,12.237,17.208,40.701,0.739,0.006,249.72,302.472
1782125314,139427734,1,848,480,51.357,50.648,1.011,49.637,8.277,11.255,12.171,17.933,41.36,0.703,0.006,233.168,284.537
1782125314,206116699,1,848,480,51.653,50.733,1.142,49.591,8.838,12.367,12.17,16.217,40.753,0.911,0.008,230.521,282.178
1782125314,239461182,1,848,480,54.973,54.027,1.167,52.86,11.276,11.092,12.232,18.26,41.584,0.94,0.006,271.981,326.948
1782125314,372837402,1,848,480,56.028,55.194,1.058,54.135,7.398,11.485,12.183,23.069,46.737,0.827,0.007,256.642,312.685
1782125314,472868652,0,848,480,51.016,49.843,1.023,48.821,7.374,11.224,12.171,18.051,41.447,1.164,0.009,229.373,280.444
1782125314,506212158,0,848,480,63.108,62.314,3.147,59.167,12.86,11.132,12.674,22.501,46.307,0.79,0.004,262.874,325.958
1782125314,572898926,1,848,480,50.245,49.498,0.963,48.534,7.211,11.691,12.801,16.831,41.323,0.743,0.005,273.172,323.417
1782125314,639585205,1,848,480,55.663,54.891,0.966,53.925,8.381,11.479,12.74,21.325,45.544,0.767,0.005,270.741,326.409
1782125314,739613770,1,848,480,50.062,49.322,1.188,48.134,7.045,11.15,12.781,17.158,41.088,0.735,0.005,241.042,291.101
1782125314,772956299,1,848,480,52.403,51.309,0.935,50.374,7.177,11.945,12.928,18.323,43.197,1.09,0.004,278.921,331.342
1782125314,839641357,1,848,480,58.696,57.953,1.968,55.985,7.612,12.062,12.973,23.338,48.373,0.738,0.004,280.909,339.583
1782125314,939663574,1,848,480,71.249,70.077,0.962,69.115,17.435,14.345,13.06,24.275,51.68,1.164,0.008,261.173,332.47
1782125315,39696289,1,848,480,67.578,66.79,1.47,65.32,11.952,15.04,13.354,24.974,53.368,0.782,0.006,249.347,316.826
1782125315,239758301,1,848,480,52.51,51.764,1.756,50.008,9.616,11.35,12.339,16.703,40.392,0.74,0.006,185.115,237.633
1782125315,273101563,1,848,480,51.328,50.684,1.401,49.283,7.667,11.405,12.178,18.033,41.616,0.639,0.005,225.105,276.432
1782125315,373130615,1,848,480,49.407,48.758,1.045,47.713,7.8,11.273,12.289,16.351,39.913,0.644,0.005,195.122,249.141
1782125315,406473389,1,848,480,49.795,49.078,1.079,47.999,8.01,11.375,12.147,16.467,39.989,0.711,0.006,227.476,277.27
1782125315,439816162,1,848,480,48.948,48.26,1.077,47.184,7.314,11.656,12.225,15.989,39.87,0.683,0.004,254.993,303.942
1782125315,473158691,1,848,480,49.387,48.649,1.105,47.544,7.899,11.355,12.361,15.93,39.645,0.733,0.005,282.032,331.417
1782125315,606527832,1,848,480,57.127,50.873,1.076,49.797,8.564,11.168,12.258,17.806,41.232,6.241,0.013,232.882,290.014
1782125315,639869629,1,848,480,59.248,58.466,1.342,57.125,13.215,11.134,12.308,20.468,43.91,0.777,0.005,268.793,328.042
1782125315,706553223,1,848,480,55.522,54.758,1.21,53.547,11.806,11.199,12.463,18.08,41.741,0.76,0.004,272.236,327.756
1782125315,773236328,1,848,480,55.864,55.104,1.201,53.903,11.523,11.273,13.739,17.367,42.379,0.755,0.004,275.483,331.348
1782125315,872359375,1,848,480,52.353,51.592,1.006,50.586,7.613,13.888,12.351,16.734,42.973,0.756,0.005,263.809,316.159
1782125316,39976563,1,848,480,56.459,50.741,1.226,49.515,7.678,11.235,12.177,18.425,41.837,5.71,0.009,246.053,302.519
1782125316,140559570,1,848,480,57.78,52.608,1.169,51.439,9.306,11.208,12.206,18.719,42.133,5.163,0.008,215.334,273.139
1782125316,274685059,1,848,480,66.239,65.477,1.325,64.152,9.733,14.224,13.008,27.187,54.42,0.757,0.005,212.343,278.578
1782125316,375290283,1,848,480,61.85,61.088,1.05,60.038,11.414,12.115,12.712,23.796,48.624,0.757,0.004,189.512,251.36
1782125316,509445313,1,848,480,66.772,61.631,1.031,60.599,8.448,14.264,12.971,24.916,52.151,5.133,0.008,179.838,246.625
1782125316,542986572,1,848,480,55.572,54.843,0.916,53.927,7.011,11.312,15.543,20.062,46.917,0.724,0.004,223.285,278.854
1782125316,576529053,1,848,480,50.753,49.989,0.871,49.118,7.272,11.138,12.818,17.89,41.846,0.76,0.004,259.819,310.579
1782125316,677162842,1,848,480,52.313,51.504,1.239,50.265,9.033,11.146,12.689,17.396,41.232,0.805,0.005,220.811,273.133
1782125316,710709473,1,848,480,57.881,57.139,6.733,50.406,7.351,11.376,14.634,17.045,43.055,0.737,0.004,250.295,308.177
1782125316,744257080,1,848,480,54.071,53.352,1.772,51.58,10.86,11.746,12.299,16.674,40.72,0.715,0.004,288.809,342.88
1782125316,911814209,1,848,480,58.165,57.343,1.076,56.267,8.038,11.13,12.153,24.946,48.229,0.817,0.006,226.476,284.651
1782125316,945170166,1,848,480,53.53,52.756,0.971,51.786,7.207,11.049,16.809,16.72,44.578,0.77,0.004,272.669,326.314
1782125317,11881348,0,848,480,57.226,56.452,1.441,55.011,9.049,13.827,16.424,15.711,45.962,0.769,0.005,274.53,331.761
1782125317,78592285,1,848,480,65.629,64.899,5.938,58.961,18.978,11.26,12.316,16.408,39.983,0.726,0.004,275.044,340.669
1782125317,178657715,1,848,480,55.48,54.708,1.096,53.612,11.505,12.577,12.434,17.097,42.108,0.768,0.004,251.737,307.221
1782125317,212012695,1,848,480,53.001,52.248,1.001,51.247,8.945,11.879,12.599,17.824,42.302,0.749,0.004,284.282,337.277
1782125317,278722412,1,848,480,54.654,53.823,1.117,52.706,8.859,12.501,12.827,18.52,43.848,0.824,0.006,281.712,336.375
1782125317,378786133,1,848,480,59.905,59.009,5.414,53.595,11.217,11.432,12.586,18.361,42.378,0.888,0.007,255.949,315.87
1782125317,412140381,1,848,480,61.006,60.179,5.454,54.724,11.301,11.428,13.632,18.364,43.424,0.821,0.005,297.379,358.395
1782125317,478848877,1,848,480,70.503,69.115,1.301,67.815,10.026,17.523,13.428,26.837,57.788,1.381,0.007,312.658,383.167
1782125317,545556885,1,848,480,71.45,69.749,1.53,68.22,11.028,14.985,15.44,26.767,57.192,1.692,0.009,331.062,402.435
1782125317,645618164,1,848,480,68.391,66.051,1.156,64.895,10.682,21.71,12.307,20.196,54.214,2.329,0.01,318.059,386.691
1782125317,845738281,1,848,480,84.422,83.637,1.189,82.448,27.874,16.068,13.657,24.849,54.574,0.779,0.005,226.744,311.147
1782125318,79242432,0,848,480,73.8,73.082,1.305,71.777,15.499,19.216,12.37,24.692,56.277,0.714,0.004,87.653,161.463
1782125318,112569336,1,848,480,57.506,56.691,1.089,55.602,8.913,11.712,13.098,21.88,46.689,0.805,0.01,167.041,224.56
1782125318,145895996,1,848,480,53.639,52.864,2.233,50.631,8.15,11.56,12.223,18.699,42.481,0.77,0.005,203.626,257.257
1782125318,179222168,1,848,480,55.013,54.245,1.154,53.091,11.668,11.156,12.341,17.925,41.423,0.764,0.005,239.316,294.323
1782125318,212548340,1,848,480,54.091,52.882,1.105,51.778,10.986,11.105,12.49,17.196,40.792,1.204,0.005,271.858,325.973
1782125318,245874268,1,848,480,64.495,63.224,2.211,61.013,10.992,11.153,12.995,25.874,50.022,1.243,0.028,308.973,373.389
1782125318,412499268,1,848,480,66.451,65.785,2.061,63.724,11.894,14.346,12.881,24.604,51.83,0.661,0.005,223.682,290.139
1782125318,712406982,1,848,480,61.34,60.558,1.096,59.462,8.66,13.852,12.926,24.023,50.801,0.776,0.005,131.159,192.496
1782125318,745728760,1,848,480,50.907,50.107,1.722,48.384,7.317,11.276,12.58,17.211,41.067,0.796,0.004,175.328,226.239
1782125318,779050293,1,848,480,57.712,56.984,1.839,55.145,7.476,11.572,13.391,22.705,47.669,0.724,0.004,205.591,262.396
1782125318,812371338,1,848,480,55.732,55.012,1.072,53.94,8.13,11.515,12.895,21.401,45.81,0.716,0.004,240.067,295.798
1782125318,911509033,0,848,480,61.243,60.498,1.978,58.52,13.946,15.065,12.931,16.577,44.574,0.741,0.004,298.582,361.737
1782125319,145965576,0,848,480,49.331,48.676,0.834,47.841,6.584,11.373,12.794,17.091,41.258,0.651,0.005,145.604,194.947
1782125319,212960449,0,848,480,47.341,46.616,0.948,45.668,6.26,11.459,12.349,15.599,39.408,0.721,0.004,142.469,189.808
1782125319,313458984,1,848,480,49.371,48.583,1.194,47.389,7.496,11.218,12.148,16.527,39.893,0.782,0.005,196.014,245.392
1782125319,346959961,1,848,480,48.048,47.325,0.939,46.386,6.526,11.707,12.25,15.904,39.86,0.718,0.004,238.772,286.813
1782125319,380461914,1,848,480,52.267,51.28,1.068,50.211,7.402,11.26,12.269,19.28,42.809,0.98,0.008,283.255,335.538
1782125319,413964600,1,848,480,68.069,67.348,1.211,66.137,11.027,11.503,12.212,31.394,55.11,0.714,0.006,312.648,380.715
1782125319,514477539,1,848,480,55.904,55.182,1.175,54.007,12.833,11.588,12.756,16.83,41.174,0.718,0.004,292.313,348.211
1782125319,782547363,1,848,480,48.956,48.226,0.981,47.246,7.381,11.336,12.222,16.308,39.865,0.726,0.004,91.208,140.158
1782125319,816059814,1,848,480,64.425,63.7,1.507,62.193,12.551,14.714,13.333,21.594,49.642,0.721,0.004,138.859,203.319
1782125319,849572998,1,848,480,56.639,55.86,1.053,54.808,8.055,11.53,12.912,22.31,46.752,0.773,0.005,180.503,237.14
1782125319,950117188,1,848,480,57.09,56.318,2.102,54.216,12.499,11.934,12.411,17.372,41.716,0.768,0.004,148.834,205.916
1782125319,983633789,0,848,480,48.746,48.005,0.92,47.085,6.241,11.151,12.648,17.045,40.844,0.737,0.004,188.33,237.079
1782125320,17564697,1,848,480,60.456,59.667,5.014,54.652,9.62,14.438,13.033,17.562,45.033,0.785,0.004,213.557,274.011
1782125320,50874512,1,848,480,53.362,52.326,1.619,50.708,9.878,11.098,12.957,16.775,40.83,1.031,0.005,258.307,311.678
1782125320,84184082,1,848,480,55.172,54.454,1.896,52.558,9.844,11.52,12.788,18.406,42.714,0.714,0.004,289.166,344.332
1782125320,117493164,1,848,480,54.234,53.379,1.473,51.906,9.519,11.319,12.779,18.288,42.387,0.847,0.008,330.344,384.589
1782125320,417256104,1,848,480,47.967,47.238,0.947,46.291,6.603,11.379,12.403,15.906,39.688,0.724,0.004,107.464,155.43
1782125320,483865479,1,848,480,49.024,48.3,0.931,47.369,6.972,11.572,12.257,16.567,40.396,0.719,0.004,120.298,169.311
1782125320,583776123,1,848,480,52.021,51.141,1.075,50.066,7.601,11.228,12.195,19.042,42.465,0.876,0.005,178.23,230.243
1782125320,617078857,1,848,480,53.617,50.31,0.957,49.353,7.339,11.399,12.329,18.286,42.014,3.299,0.008,212.246,265.881
1782125320,650381104,1,848,480,60.452,59.508,3.382,56.126,9.973,14.257,14.484,17.412,46.152,0.922,0.023,242.482,302.935
1782125320,683682861,1,848,480,73.225,72.172,0.96,71.211,10.679,19.874,18.316,22.343,60.533,1.048,0.006,283.867,357.125
1782125320,783585938,0,848,480,62.775,61.286,1.154,60.132,10.085,14.397,13.023,22.627,50.047,1.459,0.031,298.638,361.463
1782125320,816886230,1,848,480,68.705,67.982,1.436,66.546,8.903,14.894,16.225,26.524,57.643,0.716,0.006,343.509,412.205
1782125320,983380371,1,848,480,66.367,65.195,1.407,63.787,10.581,13.881,13.684,25.641,53.206,1.167,0.006,264.804,331.243
1782125321,83736084,1,848,480,53.588,52.802,1.424,51.377,8.323,11.534,12.444,19.077,43.054,0.782,0.005,283.896,337.463
1782125321,350766846,1,848,480,48.664,47.978,0.963,47.015,6.797,11.361,12.205,16.652,40.218,0.681,0.005,83.383,132.054
1782125321,384147949,1,848,480,48.77,48.072,0.992,47.08,7.027,11.38,12.175,16.497,40.053,0.693,0.006,124.926,173.797
1782125321,417529785,1,848,480,58.638,50.22,1.257,48.963,8.099,11.147,12.15,17.567,40.864,8.408,0.01,160.832,219.513
1782125321,450912109,1,848,480,56.078,55.315,2.328,52.987,7.363,11.217,12.283,22.125,45.624,0.759,0.005,201.694,257.662
1782125321,484294678,1,848,480,60.486,59.715,1.139,58.576,9.167,11.206,21.614,16.589,49.409,0.767,0.004,234.768,295.255
1782125321,517677979,1,848,480,52.684,51.921,1.837,50.084,9.415,11.435,12.58,16.654,40.669,0.759,0.004,273.162,325.846
1782125321,551062012,1,848,480,57.512,56.787,1.421,55.365,9.324,13.77,16.121,16.151,46.042,0.722,0.004,302.777,360.395
1782125321,584446289,1,848,480,67.788,67.06,5.894,61.165,11.634,15.385,13.01,21.137,49.531,0.725,0.004,336.959,404.744
1782125321,651216553,0,848,480,63.0,62.266,1.329,60.937,10.595,13.962,13.059,23.321,50.342,0.729,0.005,358.748,421.75
1782125321,784763428,0,848,480,62.053,61.317,1.417,59.9,10.57,13.956,13.334,22.04,49.33,0.731,0.005,299.775,361.823
1782125321,851539795,0,848,480,60.479,59.611,1.25,58.361,9.434,19.647,12.708,16.572,48.927,0.863,0.004,310.247,370.731
1782125321,951886963,0,848,480,60.535,59.658,1.688,57.97,8.94,20.77,12.353,15.907,49.03,0.873,0.004,280.786,341.323
1782125322,18534912,0,848,480,58.842,58.114,1.69,56.425,17.296,11.458,12.241,15.43,39.129,0.723,0.004,287.11,345.949
1782125322,85181641,1,848,480,52.113,51.377,3.878,47.499,7.749,11.435,12.194,16.122,39.751,0.731,0.005,300.494,349.934
1782125322,151827393,1,848,480,50.4,49.47,1.003,48.468,8.126,11.315,12.321,16.705,40.341,0.926,0.005,294.378,344.79
1782125322,251793213,0,848,480,57.76,56.814,3.16,53.653,14.259,11.32,12.453,15.621,39.394,0.943,0.004,262.261,319.928
1782125322,285114746,0,848,480,54.938,53.922,2.299,51.623,12.566,11.45,12.284,15.324,39.057,1.011,0.005,303.226,358.164
1782125322,351756592,1,848,480,54.714,53.98,1.957,52.024,12.236,11.308,12.164,16.316,39.787,0.726,0.007,307.211,361.905
1782125322,418397217,1,848,480,53.767,52.9,1.962,50.938,9.852,11.35,12.183,17.553,41.086,0.859,0.008,319.132,372.972
1782125322,518355957,0,848,480,56.305,55.485,1.235,54.25,12.361,11.953,12.253,17.684,41.89,0.815,0.004,285.386,341.683
1782125322,684947754,0,848,480,55.929,55.068,1.002,54.066,7.288,11.197,12.182,23.399,46.778,0.852,0.009,240.342,296.293
1782125322,751582520,0,848,480,58.626,57.795,5.11,52.685,9.14,12.523,12.561,18.461,43.545,0.826,0.005,240.655,299.279
1782125322,884847900,0,848,480,52.506,51.521,1.013,50.508,9.145,11.293,12.201,17.868,41.363,0.977,0.008,231.318,283.858
1782125322,951443359,0,848,480,54.879,54.216,1.172,53.044,9.798,12.77,12.218,18.258,43.246,0.656,0.006,226.236,281.122
1782125323,84738281,0,848,480,52.797,52.086,3.727,48.359,8.306,11.862,12.235,15.957,40.053,0.706,0.004,221.454,274.25
1782125323,184706299,0,848,480,57.134,56.213,1.211,55.002,10.065,14.162,12.715,18.06,44.937,0.914,0.007,202.665,259.759
1782125323,251350098,0,848,480,69.94,69.101,1.085,68.016,11.125,14.086,13.326,29.479,56.89,0.835,0.004,205.38,275.318
1782125323,351313721,0,848,480,70.753,70.038,5.262,64.776,15.521,14.971,13.832,20.452,49.255,0.711,0.004,186.719,257.472
1782125323,384634277,0,848,480,63.119,62.107,5.714,56.394,15.172,13.58,12.276,15.365,41.222,1.008,0.004,234.164,297.309
1782125323,417954346,0,848,480,51.279,50.361,1.409,48.952,9.993,11.334,12.2,15.424,38.959,0.912,0.006,280.792,332.06
1782125323,451274414,0,848,480,51.193,50.215,1.482,48.733,9.39,11.701,12.282,15.36,39.342,0.974,0.004,310.72,361.911
1782125323,551232178,0,848,480,53.148,52.126,1.281,50.845,11.74,11.381,12.301,15.422,39.104,1.018,0.004,277.479,330.62
1782125323,717822754,0,848,480,63.723,62.915,1.154,61.761,8.447,14.469,13.031,25.814,53.314,0.804,0.004,250.556,314.27
1782125323,817773438,0,848,480,55.958,55.121,3.205,51.916,10.455,11.229,12.3,17.931,41.461,0.832,0.005,225.445,281.405
1782125323,851089600,0,848,480,57.112,56.289,1.097,55.192,7.578,12.656,12.558,22.401,47.614,0.819,0.004,259.317,316.434
1782125323,917674072,0,848,480,51.738,50.984,0.961,50.023,7.806,11.931,12.663,17.623,42.217,0.749,0.004,260.108,311.849
1782125323,984323975,0,848,480,68.413,67.683,13.226,54.457,8.634,15.966,12.741,17.116,45.823,0.725,0.004,267.191,323.452
1782125324,84296143,0,848,480,56.916,56.195,1.934,54.261,9.09,16.895,12.713,15.563,45.171,0.717,0.004,237.868,294.767
1782125324,117619629,1,848,480,63.206,62.11,1.3,60.81,21.059,11.533,12.231,15.986,39.75,1.092,0.004,279.597,342.811
1782125324,217588379,1,848,480,57.14,56.243,2.281,53.962,10.778,14.801,12.36,16.023,43.184,0.892,0.004,258.143,315.234
1782125324,350875488,1,848,480,66.855,65.773,1.812,63.961,10.009,14.337,12.848,26.768,53.953,1.076,0.005,213.649,280.564
1782125324,450837891,1,848,480,61.762,60.777,2.049,58.729,10.097,13.835,12.985,21.812,48.632,0.98,0.005,192.266,254.046
1782125324,550797363,1,848,480,55.944,54.975,3.82,51.155,8.245,11.571,13.838,17.501,42.91,0.965,0.004,173.535,229.393
1782125324,584116699,1,848,480,61.219,60.459,2.966,57.493,9.314,16.414,15.415,16.35,48.179,0.755,0.004,214.562,275.669
1782125324,684072754,1,848,480,52.339,51.595,1.215,50.38,9.836,11.67,12.339,16.535,40.544,0.739,0.005,192.17,244.514
1782125324,717390869,1,848,480,60.277,59.444,1.747,57.697,10.147,19.196,12.266,16.088,47.55,0.828,0.005,222.051,282.326
1782125324,750708496,1,848,480,52.915,52.159,1.248,50.911,10.873,11.375,12.332,16.331,40.038,0.752,0.004,260.251,313.147
1782125324,784025879,1,848,480,62.914,62.189,6.001,56.188,12.303,12.34,12.402,19.143,43.885,0.722,0.004,291.588,354.489
1782125324,883976563,1,848,480,53.083,52.275,1.609,50.667,10.024,11.397,12.211,17.034,40.642,0.802,0.006,266.416,319.503
1782125324,917248291,1,848,480,52.95,52.119,1.768,50.35,9.788,11.217,12.208,17.138,40.563,0.825,0.006,307.143,360.112
1782125325,50546631,1,848,480,59.772,53.073,2.019,51.054,9.798,11.262,12.626,17.368,41.256,6.69,0.009,248.216,308.002
1782125325,117194092,1,848,480,59.182,58.418,1.389,57.029,9.927,12.392,12.14,22.57,47.102,0.759,0.004,251.966,311.15
1782125325,183840088,1,848,480,62.158,61.414,1.757,59.657,9.248,12.266,15.793,22.35,50.409,0.74,0.004,258.758,320.915
1782125325,250485107,1,848,480,65.147,64.336,5.765,58.571,9.557,20.513,12.393,16.108,49.014,0.807,0.004,264.244,329.392
1782125325,317128906,1,848,480,60.376,59.606,5.38,54.226,13.418,12.177,12.385,16.246,40.808,0.766,0.004,274.107,334.484
1782125325,450412842,1,848,480,53.122,52.235,1.417,50.818,9.901,11.308,12.196,17.413,40.917,0.881,0.006,236.313,289.444
1782125325,483732910,1,848,480,57.559,56.723,1.204,55.519,9.98,11.398,12.594,21.546,45.539,0.827,0.009,267.585,325.162
1782125325,683647949,1,848,480,64.829,64.098,1.149,62.948,10.026,14.52,12.937,25.466,52.923,0.725,0.006,201.784,266.612
1782125325,783601318,0,848,480,54.528,53.391,1.357,52.034,10.498,11.244,12.288,18.005,41.536,1.127,0.01,239.309,293.869
1782125325,850235352,0,848,480,50.855,49.982,0.954,49.028,7.118,11.606,12.836,17.468,41.91,0.868,0.005,246.868,297.734
1782125325,950184326,0,848,480,53.128,52.392,2.915,49.477,7.238,11.191,12.285,18.763,42.239,0.732,0.005,257.262,310.39
1782125326,50130371,1,848,480,67.001,66.365,1.412,64.953,13.239,14.157,13.105,24.452,51.714,0.631,0.004,327.732,394.724
1782125326,116774658,1,848,480,65.824,65.096,1.701,63.395,11.87,14.971,14.139,22.414,51.524,0.724,0.004,354.282,420.103
1782125326,250059570,1,848,480,58.259,57.511,2.13,55.381,9.987,11.536,12.842,21.017,45.394,0.744,0.004,302.712,360.941
1782125326,316699951,1,848,480,53.474,52.74,1.576,51.164,10.511,11.572,12.63,16.451,40.652,0.731,0.004,305.101,358.58
1782125326,416658447,1,848,480,51.32,50.545,0.95,49.595,7.949,11.544,12.706,17.396,41.646,0.77,0.006,280.541,331.873
1782125326,483295898,1,848,480,59.692,58.953,1.237,57.716,11.197,12.333,12.707,21.478,46.519,0.735,0.004,277.599,337.293
1782125326,583249512,1,848,480,56.674,55.645,2.063,53.582,11.032,11.658,12.6,18.292,42.55,1.016,0.012,274.621,331.33
1782125326,816464111,1,848,480,51.815,50.935,1.145,49.79,7.378,11.668,12.463,18.281,42.412,0.872,0.008,243.919,295.751
1782125327,49664307,1,848,480,69.803,69.043,4.695,64.348,7.135,11.102,12.249,33.863,57.214,0.755,0.005,207.014,276.811
1782125327,82987793,1,848,480,55.391,54.622,1.074,53.548,7.783,14.956,12.921,17.888,45.764,0.764,0.005,254.671,310.066
1782125327,182956787,1,848,480,51.314,50.512,0.972,49.54,7.98,11.236,12.681,17.644,41.56,0.797,0.004,225.159,276.476
1782125327,216279053,1,848,480,52.119,51.359,1.017,50.342,7.37,11.85,12.494,18.629,42.972,0.756,0.004,260.569,312.766
1782125327,249601074,1,848,480,50.644,49.872,0.972,48.899,7.563,11.478,12.846,17.012,41.336,0.767,0.005,294.411,345.058
1782125327,316244385,0,848,480,50.32,49.569,1.038,48.532,7.518,11.423,12.616,16.975,41.014,0.746,0.004,294.452,344.775
1782125327,416206787,2,848,480,68.009,67.257,1.355,65.902,16.007,11.379,21.85,16.666,49.895,0.748,0.004,254.951,322.957
1782125327,449527100,0,848,480,56.267,55.545,1.4,54.146,14.489,11.525,12.573,15.558,39.657,0.717,0.004,307.981,364.217
1782125327,516166504,1,848,480,56.245,55.24,1.619,53.621,13.442,11.301,12.578,16.299,40.179,0.999,0.006,312.123,368.372
1782125327,616123779,1,848,480,60.859,60.139,1.249,58.889,18.861,11.398,12.297,16.334,40.029,0.716,0.004,283.54,344.393
1782125327,649442139,1,848,480,71.766,70.758,1.207,69.551,15.776,11.316,13.133,29.325,53.774,1.001,0.007,328.967,400.886
1782125327,782712646,1,848,480,69.778,68.852,2.534,66.318,10.91,15.378,13.119,26.911,55.408,0.919,0.007,283.787,358.971
1782125327,949294189,1,848,480,61.946,60.864,1.019,59.845,8.725,14.414,12.934,23.771,51.12,1.056,0.026,203.873,265.867
1782125328,82563965,1,848,480,65.799,64.812,2.207,62.606,8.223,14.251,12.972,27.16,54.383,0.979,0.007,203.428,269.125
1782125328,182532715,1,848,480,58.581,57.862,1.131,56.731,9.202,16.232,13.161,18.136,47.529,0.715,0.004,184.039,242.621
1782125328,215854980,0,848,480,49.708,48.427,0.941,47.486,7.062,11.507,12.589,16.328,40.423,1.278,0.004,223.53,273.301
1782125328,249177002,1,848,480,56.046,55.309,1.334,53.975,13.792,11.415,12.318,16.45,40.183,0.733,0.005,259.747,315.741
1782125328,282498779,1,848,480,58.805,57.946,5.817,52.129,12.549,11.357,12.296,15.928,39.58,0.853,0.006,298.929,357.741
1782125328,382462158,1,848,480,58.544,57.676,4.034,53.642,12.307,11.1,12.28,17.954,41.335,0.861,0.007,269.575,328.114
1782125328,482422852,1,848,480,56.313,55.378,2.038,53.34,10.691,11.39,12.29,18.968,42.649,0.928,0.007,247.549,303.877
1782125328,549061523,1,848,480,59.974,58.931,1.848,57.083,7.885,18.149,12.17,18.879,49.198,1.036,0.007,248.194,308.166
1782125328,649017822,1,848,480,54.32,53.427,1.366,52.061,10.058,11.383,12.169,18.451,42.003,0.886,0.007,218.929,273.265
1782125328,682335693,1,848,480,56.863,56.002,2.889,53.114,9.459,12.351,12.622,18.682,43.655,0.853,0.007,250.614,307.488
1782125328,748971191,1,848,480,65.075,64.303,11.112,53.19,10.278,11.115,12.474,19.324,42.912,0.767,0.005,251.609,316.673
1782125328,915553955,0,848,480,62.226,61.469,1.334,60.135,8.063,14.066,13.522,24.484,52.072,0.752,0.004,212.518,274.731
1782125328,948869629,0,848,480,62.173,61.441,1.864,59.577,10.735,11.512,15.929,21.402,48.842,0.728,0.004,252.245,314.414
1782125329,15500000,1,848,480,51.792,51.038,1.401,49.638,7.406,11.235,12.823,18.175,42.232,0.75,0.004,262.133,313.928
1782125329,115747314,1,848,480,68.981,68.259,1.731,66.528,13.374,14.188,16.38,22.586,53.155,0.718,0.004,228.875,297.838
1782125329,182681396,0,848,480,65.535,64.797,5.608,59.189,9.59,15.541,13.303,20.754,49.598,0.734,0.004,241.966,307.496
1782125329,216149414,0,848,480,56.319,55.596,4.427,51.168,10.096,12.352,12.578,16.142,41.072,0.719,0.004,286.111,342.413
1782125329,249617920,0,848,480,53.381,52.704,1.45,51.254,9.444,11.343,12.231,18.235,41.81,0.671,0.006,341.619,395.009
1782125329,450442383,1,848,480,52.831,51.92,1.548,50.373,9.054,11.285,12.271,17.763,41.319,0.904,0.007,213.965,266.81
1782125329,550863037,1,848,480,71.521,70.714,1.367,69.348,8.491,13.93,12.71,34.216,60.856,0.801,0.005,236.141,307.528
1782125329,617812988,0,848,480,56.535,55.768,1.707,54.061,9.034,15.269,12.933,16.825,45.027,0.763,0.004,254.685,311.226
1782125329,718242676,0,848,480,53.969,53.247,3.431,49.816,9.408,11.786,12.637,15.985,40.408,0.718,0.004,225.317,279.283
1782125329,818677979,1,848,480,62.668,54.899,3.714,51.185,9.053,11.394,12.26,18.478,42.132,7.761,0.009,278.262,340.98
1782125329,852157471,0,848,480,59.567,58.829,1.866,56.963,15.238,11.662,12.94,17.123,41.725,0.734,0.005,328.597,388.144
1782125329,986082275,1,848,480,57.723,57.057,5.121,51.936,9.157,11.188,12.477,19.114,42.779,0.661,0.005,264.589,322.312
1782125330,19564941,1,848,480,54.289,53.358,1.017,52.341,8.952,11.831,12.862,18.696,43.389,0.926,0.004,308.409,362.704
1782125330,152396973,1,848,480,55.364,54.406,2.378,52.028,9.713,11.406,12.628,18.281,42.315,0.951,0.006,241.365,296.731
1782125330,185721191,1,848,480,54.337,53.573,2.193,51.38,9.871,11.163,12.756,17.59,41.509,0.76,0.004,274.935,329.272
1782125330,285691406,0,848,480,64.073,63.479,1.607,61.872,10.224,14.968,12.757,23.922,51.648,0.589,0.005,284.402,348.47
1782125330,352336670,1,848,480,65.163,64.402,1.501,62.9,11.543,13.988,13.465,23.905,51.357,0.757,0.004,297.83,362.966
1782125330,485622803,1,848,480,62.263,61.445,2.939,58.505,7.68,14.414,13.364,23.046,50.825,0.814,0.005,244.081,306.344
1782125330,585583740,1,848,480,64.324,63.542,1.266,62.276,9.775,14.579,12.881,25.042,52.501,0.778,0.005,253.711,318.037
1782125330,718860107,1,848,480,75.721,74.337,1.023,73.314,7.896,14.782,12.925,37.711,65.418,1.377,0.007,252.522,328.212
1782125330,785496338,1,848,480,52.452,51.678,1.043,50.636,9.212,11.404,12.823,17.197,41.424,0.769,0.005,273.158,325.613
1782125330,952111816,1,848,480,62.419,61.622,1.019,60.603,7.778,15.013,12.959,24.854,52.825,0.793,0.004,221.094,283.514
1782125331,85313721,1,848,480,61.791,60.657,1.227,59.43,12.379,11.31,12.98,22.761,47.051,1.128,0.007,265.021,334.719
1782125331,185237793,0,848,480,75.909,75.194,1.957,73.236,10.915,14.585,16.038,31.698,62.321,0.711,0.004,249.723,325.612
1782125331,285157959,0,848,480,57.802,57.073,1.328,55.745,7.329,15.228,13.358,19.83,48.416,0.725,0.004,240.233,298.035
1782125331,385074463,0,848,480,57.451,56.381,1.312,55.068,10.527,14.074,12.735,17.732,44.541,1.059,0.011,233.851,291.324
1782125331,451683350,1,848,480,62.084,51.864,1.28,50.585,8.743,11.225,12.223,18.394,41.841,10.21,0.01,240.354,302.468
1782125331,551593262,1,848,480,61.294,60.557,0.991,59.566,8.774,11.219,12.817,26.756,50.792,0.733,0.004,213.698,274.983
1782125331,584895752,0,848,480,59.474,58.697,0.988,57.709,9.041,12.818,12.89,22.96,48.668,0.774,0.004,255.605,315.081
1782125331,618197754,0,848,480,67.833,67.121,0.992,66.129,11.704,16.15,13.592,24.683,54.425,0.707,0.004,291.908,359.741
1782125331,718101318,0,848,480,66.59,65.525,1.068,64.457,13.2,16.058,13.732,21.468,51.257,1.059,0.006,274.877,341.658
1782125331,818001221,0,848,480,59.153,58.393,1.374,57.019,11.372,14.208,13.19,18.25,45.647,0.756,0.004,267.239,326.374
1782125331,917898193,1,848,480,64.957,64.199,1.422,62.777,10.173,14.767,19.712,18.125,52.604,0.753,0.005,241.921,306.873
1782125331,984578369,1,848,480,53.524,52.644,1.471,51.173,9.352,11.917,12.659,17.245,41.821,0.874,0.006,250.218,303.755
1782125332,17918457,1,848,480,51.965,51.238,1.375,49.862,9.342,11.429,12.347,16.744,40.52,0.724,0.004,291.536,343.497
1782125332,151489014,1,848,480,67.576,66.812,1.497,65.315,10.153,15.997,12.864,26.301,55.162,0.759,0.005,257.357,324.927
1782125332,251727783,1,848,480,64.221,63.439,1.402,62.037,9.346,14.259,14.605,23.827,52.691,0.778,0.005,243.584,307.805
1782125332,318557861,0,848,480,61.406,60.708,0.975,59.733,7.933,18.773,12.527,20.499,51.8,0.694,0.004,257.737,319.143
1782125332,351974365,0,848,480,50.177,49.065,1.064,48.001,8.339,11.382,12.477,15.803,39.662,1.107,0.004,302.596,352.778
1782125332,385391846,1,848,480,55.43,54.469,1.425,53.044,9.637,12.152,12.294,18.961,43.408,0.955,0.006,350.85,406.185
1782125332,552492432,1,848,480,52.386,51.059,1.047,50.012,8.586,11.381,12.167,17.878,41.426,1.321,0.006,256.912,309.309
1782125332,652763428,0,848,480,64.192,63.431,1.067,62.364,7.855,11.295,12.621,30.593,54.509,0.757,0.004,280.295,344.47
1782125332,786470947,1,848,480,64.862,64.085,5.782,58.302,14.234,11.409,13.232,19.427,44.068,0.772,0.005,221.885,286.743
1782125332,853330322,1,848,480,55.717,54.929,1.04,53.889,9.047,11.275,16.405,17.163,44.843,0.783,0.004,235.747,291.466
1782125332,920193115,1,848,480,65.174,64.442,1.009,63.433,7.984,15.704,15.132,24.612,55.449,0.728,0.004,242.849,308.024
1782125333,20493896,1,848,480,58.333,57.601,2.158,55.443,12.439,11.548,12.346,19.11,43.004,0.727,0.005,248.865,307.208
1782125333,120582520,1,848,480,61.323,60.55,1.326,59.224,17.238,11.151,12.345,18.489,41.986,0.768,0.005,218.55,279.877
1782125333,153909912,1,848,480,61.828,61.061,5.306,55.755,12.103,11.223,12.957,19.472,43.653,0.763,0.004,257.986,319.817
1782125333,220563477,1,848,480,55.803,55.038,3.713,51.325,9.617,11.166,12.52,18.021,41.707,0.76,0.005,264.1,319.91
1782125333,320541748,1,848,480,55.331,54.559,1.791,52.768,10.828,11.531,12.537,17.872,41.94,0.767,0.004,230.607,285.944
1782125333,387192627,1,848,480,57.505,56.78,4.01,52.77,8.116,11.058,16.332,17.264,44.654,0.721,0.004,231.543,289.039
1782125333,420517822,1,848,480,57.565,56.72,1.451,55.27,11.975,11.441,14.412,17.44,43.294,0.84,0.005,265.46,323.034
1782125333,520491455,0,848,480,52.476,51.719,1.777,49.942,9.12,11.278,12.857,16.687,40.822,0.753,0.004,237.502,289.971
1782125333,587139160,0,848,480,55.315,54.568,1.45,53.118,10.653,11.369,13.851,17.246,42.466,0.742,0.004,233.779,289.089
1782125333,653785889,0,848,480,54.814,54.102,1.624,52.478,9.093,11.13,16.022,16.233,43.385,0.708,0.004,232.989,287.801
1782125333,687108887,0,848,480,57.174,56.42,1.435,54.985,9.723,11.745,16.697,16.82,45.262,0.749,0.004,264.531,321.711
1782125333,787076172,1,848,480,62.934,62.202,1.415,60.787,9.524,11.278,19.401,20.585,51.263,0.728,0.004,232.897,295.832
1782125333,853719727,1,848,480,52.53,51.782,1.441,50.341,9.171,11.734,12.772,16.664,41.17,0.745,0.004,239.895,292.425
1782125333,887041016,1,848,480,63.066,62.323,1.493,60.83,9.756,11.71,17.024,22.339,51.073,0.739,0.004,276.068,339.063
1782125334,53644775,1,848,480,54.681,53.401,1.001,52.4,7.443,11.307,15.508,18.142,44.957,1.272,0.007,215.583,270.28
1782125334,187989258,1,848,480,69.954,69.172,1.415,67.757,7.61,11.16,12.608,36.38,60.148,0.778,0.004,205.738,275.685
1782125334,288416016,1,848,480,57.628,56.41,1.368,55.042,12.486,11.149,12.24,19.167,42.556,1.209,0.009,229.229,286.957
1782125334,321893066,1,848,480,55.543,54.51,1.276,53.235,8.573,13.93,12.934,17.797,44.662,1.028,0.005,270.591,326.141
1782125334,455807129,1,848,480,52.105,51.309,1.208,50.102,7.447,11.312,12.19,19.153,42.655,0.786,0.01,254.95,312.685
1782125334,589731689,1,848,480,60.905,60.122,1.089,59.033,7.8,11.425,12.161,27.647,51.233,0.779,0.005,252.56,313.447
1782125334,656697998,1,848,480,58.628,57.872,1.484,56.388,9.214,11.142,15.608,20.423,47.174,0.752,0.004,263.234,321.854
1782125334,757152344,1,848,480,63.903,58.993,1.382,57.611,7.869,16.007,17.168,16.568,49.742,4.902,0.008,239.732,303.655
1782125334,824125000,1,848,480,51.751,50.889,0.948,49.941,7.672,11.464,12.853,17.951,42.269,0.856,0.005,247.435,299.194
1782125334,891100586,0,848,480,59.124,58.286,1.777,56.51,8.968,17.197,14.228,16.116,47.541,0.833,0.006,247.528,306.661
1782125334,991435303,1,848,480,67.928,58.554,1.287,57.268,7.931,11.257,12.196,25.883,49.337,9.365,0.008,255.991,323.875
1782125335,58155273,1,848,480,65.807,64.886,5.682,59.205,11.274,11.171,13.052,23.708,47.93,0.915,0.006,267.785,333.61
1782125335,158327393,1,848,480,55.349,54.601,1.084,53.517,11.362,12.33,12.636,17.189,42.155,0.744,0.004,249.929,305.277
1782125335,191734863,1,848,480,58.368,57.434,0.921,56.513,15.517,11.548,12.574,16.875,40.996,0.931,0.004,281.881,340.268
1782125335,258552246,1,848,480,72.36,71.446,2.007,69.439,19.247,15.885,13.252,21.055,50.192,0.908,0.007,288.669,361.032
1782125335,358784668,1,848,480,55.188,54.322,1.18,53.142,8.817,15.5,12.228,16.597,44.325,0.858,0.008,276.085,331.29
1782125335,492439453,1,848,480,51.524,50.691,1.202,49.49,9.528,11.488,12.247,16.227,39.962,0.827,0.006,271.623,323.162
1782125335,525855225,1,848,480,59.464,58.343,1.179,57.164,10.029,15.408,12.71,19.016,47.135,1.111,0.01,311.405,370.896
1782125335,692946777,1,848,480,58.013,55.882,1.079,54.803,10.276,13.701,12.279,18.547,44.527,2.122,0.009,220.723,278.761
1782125335,726367676,1,848,480,57.566,56.586,1.08,55.506,11.383,11.156,12.629,20.338,44.123,0.973,0.006,256.41,313.983
1782125335,826635254,1,848,480,58.555,53.318,1.242,52.076,9.047,11.249,12.491,19.29,43.03,5.227,0.01,230.539,289.112
1782125335,893484375,1,848,480,67.602,66.768,5.185,61.583,11.945,11.146,13.138,25.353,49.637,0.828,0.006,233.999,301.607
1782125335,960336914,1,848,480,64.125,63.395,1.903,61.492,12.107,12.826,12.92,23.638,49.385,0.726,0.004,245.323,309.447
1782125336,27192871,1,848,480,56.176,55.434,3.74,51.694,9.701,12.038,12.659,17.297,41.994,0.738,0.004,253.713,309.886
1782125336,94050781,1,848,480,61.249,60.599,0.938,59.661,6.509,11.629,19.223,22.3,53.151,0.645,0.005,253.234,314.484
1782125336,160709473,1,848,480,61.489,60.525,4.964,55.561,9.433,13.156,16.172,16.799,46.128,0.96,0.004,257.634,319.141
1782125336,227366943,1,848,480,57.566,56.744,1.309,55.435,9.98,17.121,12.23,16.104,45.456,0.817,0.004,273.101,330.487
1782125336,260695313,1,848,480,52.511,51.782,2.001,49.78,9.731,11.416,12.241,16.392,40.05,0.725,0.004,314.038,366.523
1782125336,294023682,1,848,480,59.508,58.836,3.649,55.187,11.515,11.564,12.667,19.442,43.672,0.666,0.006,349.242,408.745
1782125336,627291504,1,848,480,48.982,48.111,0.944,47.167,6.932,11.409,12.36,16.466,40.235,0.867,0.004,86.124,135.113
1782125336,727267090,1,848,480,51.89,50.969,1.044,49.924,7.98,11.233,12.219,18.491,41.944,0.915,0.006,144.792,196.699
1782125336,860564453,1,848,480,52.198,50.863,1.141,49.722,7.751,11.131,12.228,18.613,41.972,1.305,0.03,251.351,309.767
1782125336,993874512,1,848,480,65.597,64.74,1.118,63.622,10.092,15.533,13.151,24.846,53.53,0.852,0.005,246.812,312.413
1782125337,227182373,1,848,480,60.843,60.132,1.028,59.104,9.332,15.031,13.413,21.328,49.772,0.707,0.004,101.657,162.493
1782125337,260511230,1,848,480,51.581,50.842,1.157,49.685,9.679,11.433,12.357,16.217,40.006,0.735,0.004,146.95,198.512
1782125337,293839600,1,848,480,62.507,61.712,0.973,60.739,10.819,15.644,13.311,20.965,49.921,0.788,0.007,175.774,238.281
1782125337,327167969,1,848,480,51.354,50.62,1.265,49.355,9.23,11.668,12.247,16.211,40.125,0.731,0.004,216.353,267.688
1782125337,360495850,1,848,480,52.12,51.044,1.353,49.691,9.956,11.425,12.42,15.89,39.734,1.072,0.004,248.627,300.773
1782125337,393823486,1,848,480,52.702,51.702,1.389,50.313,10.464,11.383,12.241,16.225,39.849,0.995,0.005,283.806,336.595
1782125337,427151123,1,848,480,74.056,73.362,5.281,68.081,13.537,14.915,13.548,26.081,54.544,0.687,0.008,340.51,414.569
1782125337,693762207,1,848,480,49.925,49.005,1.066,47.94,7.533,11.293,12.437,16.677,40.407,0.916,0.004,165.103,215.042
1782125337,860385986,1,848,480,64.678,63.899,1.204,62.695,9.02,14.388,13.241,26.047,53.676,0.774,0.005,90.806,155.465
1782125337,893709961,1,848,480,67.991,67.262,6.116,61.146,9.91,16.007,13.337,21.893,51.236,0.724,0.005,136.469,204.457
1782125337,993680664,1,848,480,58.972,58.188,1.228,56.96,8.44,11.198,12.447,24.874,48.519,0.779,0.005,189.925,248.836
1782125338,27003906,1,848,480,65.515,64.607,1.561,63.047,9.644,14.745,15.454,23.203,53.403,0.904,0.004,227.807,293.341
1782125338,60326660,1,848,480,57.785,56.375,2.849,53.526,12.447,11.403,12.172,17.504,41.08,1.403,0.007,280.144,337.852
1782125338,193633057,1,848,480,51.785,51.018,1.155,49.862,7.894,11.402,12.204,18.363,41.969,0.761,0.006,286.33,338.046
1782125338,226960693,1,848,480,55.353,54.494,1.808,52.687,10.298,11.184,12.135,19.07,42.389,0.851,0.007,320.314,375.688
1782125338,260287842,1,848,480,53.465,52.378,1.95,50.427,10.017,11.412,12.156,16.842,40.41,1.08,0.007,353.634,407.226
1782125338,360267822,1,848,480,67.21,66.566,1.408,65.158,10.565,15.684,13.067,25.842,54.593,0.638,0.005,323.205,390.268
1782125338,493571045,1,848,480,58.158,57.274,1.084,56.19,8.824,14.368,13.263,19.735,47.366,0.878,0.007,272.414,330.587
1782125338,593545654,1,848,480,50.839,49.961,1.002,48.959,7.105,11.319,12.588,17.947,41.854,0.872,0.005,248.787,299.647
1782125338,626870117,1,848,480,51.806,50.99,1.162,49.828,7.144,11.365,12.574,18.745,42.684,0.811,0.005,283.849,335.668
1782125338,726841797,1,848,480,51.268,50.479,0.945,49.534,7.425,11.233,12.616,18.26,42.109,0.784,0.005,253.079,304.351
1782125338,793488037,1,848,480,52.511,51.692,0.91,50.782,8.253,11.681,12.728,18.12,42.529,0.814,0.005,257.966,310.485
1782125338,860133545,1,848,480,53.458,52.706,1.469,51.237,9.688,11.4,12.607,17.543,41.549,0.748,0.004,254.195,307.651
1782125338,893455811,1,848,480,66.622,65.899,1.458,64.441,9.367,12.888,25.319,16.866,55.073,0.719,0.004,284.184,350.804
1782125338,993421387,1,848,480,55.354,54.627,1.543,53.084,11.911,11.66,12.611,16.902,41.173,0.722,0.004,262.138,317.491
1782125339,26742676,1,848,480,67.01,66.241,5.892,60.349,20.214,11.474,12.463,16.198,40.135,0.766,0.004,294.204,361.213
1782125339,126715088,1,848,480,71.449,70.815,12.402,58.413,8.038,11.361,12.499,26.515,50.374,0.629,0.005,272.132,343.571
1782125339,226702637,1,848,480,62.582,61.604,1.069,60.535,10.947,11.178,12.45,25.959,49.588,0.97,0.007,259.797,322.405
1782125339,326687988,1,848,480,52.994,51.895,1.173,50.722,7.909,11.117,12.399,19.296,42.813,1.092,0.007,236.57,289.589
1782125339,360015869,1,848,480,51.335,50.526,0.931,49.595,7.415,11.159,12.351,18.67,42.18,0.804,0.005,277.574,328.913
1782125339,426670898,1,848,480,52.167,50.927,0.951,49.977,7.328,11.231,12.754,18.664,42.649,1.231,0.009,280.001,332.255
1782125339,459998291,1,848,480,63.231,62.121,1.033,61.087,8.286,14.669,13.195,24.937,52.801,1.104,0.006,313.376,376.613
1782125339,659956299,1,848,480,52.897,51.894,1.261,50.632,7.566,11.314,12.37,19.382,43.066,0.995,0.008,247.455,300.32
1782125339,726606934,1,848,480,63.473,62.732,3.649,59.083,9.756,14.58,13.324,21.423,49.327,0.734,0.007,245.9,309.379
1782125339,826581055,1,848,480,58.356,56.738,5.531,51.207,10.111,11.522,12.198,17.376,41.096,1.608,0.01,220.983,279.365
1782125339,893229248,1,848,480,66.751,65.738,3.869,61.869,12.493,11.165,12.389,25.822,49.376,1.004,0.008,231.246,298.009
1782125339,993199707,1,848,480,56.445,55.431,1.311,54.12,11.568,11.392,12.385,18.775,42.552,1.005,0.009,210.533,267.003
1782125340,26522705,1,848,480,65.026,64.262,3.947,60.315,10.122,13.306,13.091,23.797,50.193,0.76,0.004,246.627,311.649
1782125340,259814697,1,848,480,58.708,57.904,1.712,56.192,10.083,14.418,13.172,18.518,46.108,0.799,0.005,89.018,147.729
1782125340,293143311,1,848,480,53.988,52.994,1.857,51.137,9.264,11.039,12.399,18.434,41.873,0.987,0.007,124.748,178.759
1782125340,326471436,1,848,480,65.064,63.948,5.463,58.485,13.092,13.894,12.915,18.584,45.393,1.11,0.005,156.495,221.649
1782125340,359799561,1,848,480,55.17,54.17,1.458,52.713,10.604,11.27,13.154,17.685,42.109,0.995,0.004,201.942,257.12
1782125340,393127197,1,848,480,57.565,56.472,2.093,54.379,9.787,15.184,13.159,16.249,44.592,1.089,0.004,237.2,294.764
1782125340,426454834,1,848,480,60.563,59.827,1.125,58.701,9.459,15.436,13.075,20.732,49.243,0.732,0.004,276.315,336.859
1782125340,459781982,1,848,480,56.942,55.751,3.852,51.899,11.7,11.725,12.16,16.314,40.199,1.184,0.006,314.932,371.906
