capture_sec,capture_nanosec,pick_logic_in_age_ms,pick_logic_compute_ms,pick_logic_out_age_ms,n_candidates,target_valid
1785992031,736127686,181.391,7.411,188.668,5,0
1785992031,836150879,141.602,4.038,145.49,5,0
1785992031,902838379,128.161,4.993,133.041,5,1
1785992031,969531494,130.668,5.347,135.934,5,1
1785992032,36225098,118.219,12.208,130.342,5,1
1785992032,69571777,137.454,3.839,140.824,5,1
1785992032,136265381,127.14,5.633,132.69,5,1
1785992032,202959229,159.536,1.737,161.18,5,1
1785992032,269653076,124.93,2.035,126.191,5,1
1785992032,336346924,107.229,1.04,108.194,5,1
1785992032,369694092,116.568,3.551,120.031,5,1
1785992032,403041260,127.738,1.252,128.91,5,1
1785992032,469735596,98.226,1.499,99.625,5,1
1785992032,503082764,103.419,1.341,104.671,5,1
1785992032,569777100,89.585,1.198,90.706,5,1
1785992032,603124512,92.135,1.534,93.588,5,1
1785992032,636471924,93.877,1.29,94.988,5,1
1785992032,669819336,99.318,1.257,100.473,5,1
1785992032,703166748,128.886,2.514,131.313,5,1
1785992032,769861572,95.183,1.672,96.616,5,1
1785992032,803208984,100.683,1.196,101.8,5,1
1785992032,869904053,92.587,1.303,93.799,5,1
1785992032,903276367,96.615,1.143,97.676,5,1
1785992032,936649658,100.51,7.132,107.471,5,1
1785992032,970023438,114.732,1.332,115.982,5,1
1785992033,3397705,123.482,1.484,124.875,5,1
1785992033,70148438,125.242,3.282,128.44,5,1
1785992033,136901611,120.842,1.516,122.256,5,1
1785992033,203656982,94.428,1.658,96.009,5,1
1785992033,237035889,102.898,2.019,104.825,5,1
1785992033,270415039,114.803,1.354,116.057,5,1
1785992033,303795166,142.597,5.644,148.154,5,1
1785992033,370556885,128.353,1.787,130.057,5,1
1785992033,437321045,101.058,1.245,102.22,5,1
1785992033,504087891,89.26,1.474,90.62,5,1
1785992033,537472168,93.055,1.245,94.218,5,1
1785992033,570856934,97.087,1.83,98.829,5,1
1785992033,604242432,116.534,1.704,118.152,5,1
1785992033,637628662,131.502,1.386,132.804,5,1
1785992033,704402588,130.231,3.179,133.327,5,1
1785992033,771179199,105.731,1.667,107.309,5,1
1785992033,804568604,120.162,1.241,121.323,5,1
1785992033,871347656,97.316,1.716,98.95,5,1
1785992033,904717285,109.168,1.736,110.811,5,1
1785992033,938087158,117.44,18.076,135.376,5,1
1785992033,971457031,135.812,4.829,140.55,5,1
1785992034,38197510,153.025,1.414,154.322,5,1
1785992034,138309570,121.785,1.281,122.984,5,1
1785992034,205052002,89.881,1.478,91.285,5,1
1785992034,271794922,87.732,1.261,88.909,5,1
1785992034,305166748,97.664,5.14,102.714,5,1
1785992034,338538574,109.705,1.722,111.312,5,1
1785992034,371910645,117.124,1.354,118.396,5,1
1785992034,405282959,132.91,2.238,135.051,5,1
1785992034,472028076,110.242,1.525,111.611,5,1
1785992034,505400879,125.568,1.362,126.848,5,1
1785992034,572147217,103.627,1.847,105.36,5,1
1785992034,605520508,128.923,1.355,130.116,5,1
1785992034,672267822,109.924,1.672,111.489,5,1
1785992034,705641602,125.721,1.233,126.869,5,1
1785992034,772390137,100.461,1.896,102.013,5,1
1785992034,805764404,118.028,1.505,119.453,5,1
1785992034,839139160,123.21,1.366,124.498,5,1
1785992034,872513184,147.551,3.051,150.473,5,1
1785992034,939434570,124.681,7.678,132.231,5,1
1785992035,6359619,94.605,1.197,95.726,5,1
1785992035,39823730,104.976,1.754,106.646,5,1
1785992035,73288574,120.778,3.962,124.638,5,1
1785992035,106754639,128.445,1.492,129.843,5,1
1785992035,173689209,105.543,6.398,111.858,5,1
1785992035,207157959,133.235,4.703,137.851,5,1
1785992035,240627686,149.216,1.716,150.379,5,1
1785992035,307569824,130.012,1.519,131.444,5,1
1785992035,374515869,118.048,1.244,119.21,5,1
1785992035,407990479,157.011,1.173,158.103,5,1
1785992035,508419434,96.436,1.256,97.608,5,1
1785992035,541897705,111.139,1.323,112.383,5,1
1785992035,575376953,129.2,1.38,130.496,5,1
1785992035,642338135,99.381,1.535,100.808,5,1
1785992035,675820313,126.913,1.526,128.257,5,1
1785992035,742787354,97.795,1.334,99.049,5,1
1785992035,776272217,130.428,1.246,131.588,5,1
1785992035,843244873,132.161,1.213,133.291,5,1
1785992035,910066162,125.269,0.998,126.177,5,1
1785992035,976738281,118.192,8.922,126.992,5,1
1785992036,43409180,92.525,1.18,93.626,5,1
1785992036,110079346,99.622,1.256,100.792,5,1
1785992036,143414063,102.833,4.341,107.079,5,1
1785992036,176748291,121.232,1.312,122.469,5,1
1785992036,243416260,97.707,1.251,98.879,5,1
1785992036,310083252,90.427,1.044,91.392,5,1
1785992036,343416260,108.565,6.732,115.054,5,1
1785992036,376749023,107.187,2.754,109.855,5,1
1785992036,410081543,122.037,1.203,123.158,5,1
1785992036,476745850,90.89,1.549,92.357,5,1
1785992036,510077637,94.992,1.228,96.059,5,1
1785992036,543409180,97.696,1.808,99.418,5,1
1785992036,576740479,118.484,1.298,119.701,5,1
1785992036,643402100,89.591,1.957,91.463,5,1
1785992036,676732666,92.65,2.266,94.833,5,1
1785992036,710062744,105.625,1.448,106.914,5,1
1785992036,743392578,122.095,1.141,123.153,5,1
1785992036,810051758,93.333,1.37,94.563,5,1
1785992036,843380859,99.386,4.004,103.08,5,1
1785992036,876710449,104.817,1.211,105.946,5,1
1785992036,910045898,115.615,1.225,116.723,5,1
1785992036,976716064,87.816,1.667,89.388,5,1
1785992037,10050781,103.36,10.512,113.72,5,1
1785992037,43385254,125.874,3.187,128.977,5,1
1785992037,110053467,123.656,1.362,124.933,5,1
1785992037,176720947,98.642,1.455,99.956,5,1
1785992037,210054199,123.506,1.193,124.617,5,1
1785992037,276720215,98.204,1.234,99.353,5,1
1785992037,310052979,134.589,1.13,135.637,5,1
1785992037,376717529,119.961,1.33,121.196,5,1
1785992037,410049316,142.817,2.134,144.865,5,1
1785992037,510043945,118.786,1.117,119.821,5,1
1785992037,543374756,138.146,1.058,139.128,5,1
1785992037,576705566,157.413,1.195,158.527,5,1
1785992037,610036133,183.915,3.312,184.935,5,1
1785992037,676696533,177.276,1.771,178.965,5,1
1785992037,743356201,170.031,1.371,171.308,5,1
1785992037,843343750,157.718,1.306,158.916,5,1
1785992037,943346191,102.963,1.717,104.593,5,1
1785992037,976682373,123.319,1.579,124.652,5,1
1785992038,10018555,124.869,11.898,136.594,5,1
1785992038,76689941,127.904,2.955,129.972,5,1
1785992038,143360840,113.001,1.233,114.148,5,1
1785992038,176695801,184.23,1.391,185.534,5,1
1785992038,276699951,152.34,3.308,155.557,5,1
1785992038,376702393,90.894,1.322,92.138,5,1
1785992038,410036133,96.452,1.165,97.533,5,1
1785992038,443369629,108.305,1.297,109.515,5,1
1785992038,476702881,144.303,1.177,145.396,5,1
1785992038,543368896,127.064,1.181,128.159,5,1
1785992038,610034424,117.121,2.998,120.034,5,1
1785992038,676698730,127.698,2.963,130.577,5,1
1785992038,743362549,149.856,3.07,152.84,5,1
1785992038,810025635,151.401,2.229,153.543,5,1
1785992038,876593018,162.695,1.216,163.832,5,1
1785992038,976937988,128.43,1.08,129.435,5,1
1785992039,10387939,168.517,19.05,187.441,5,1
1785992039,77290283,187.318,1.376,188.607,5,1
1785992039,110742676,191.371,1.05,192.343,5,1
1785992039,144196045,214.603,1.228,215.737,5,1
1785992039,177650391,221.35,1.134,222.39,5,1
1785992039,244561279,227.427,1.392,228.733,5,1
1785992039,311475586,205.038,1.756,206.701,5,1
1785992039,344934082,229.079,1.279,230.274,5,1
1785992039,512239014,108.0,1.576,109.489,5,1
1785992039,545702637,120.59,1.897,122.4,5,1
1785992039,612632324,115.452,7.885,122.482,5,1
1785992039,646098389,137.92,2.186,140.021,5,1
1785992039,713032959,122.376,1.169,123.401,5,1
1785992039,779971191,102.396,3.228,105.528,5,1
1785992039,813441406,123.187,1.253,124.356,5,1
1785992039,880384766,100.44,1.659,101.997,5,1
1785992039,913854980,114.875,1.252,116.041,5,1
1785992039,980594727,86.927,1.285,88.133,5,1
1785992040,13965088,91.37,1.109,92.403,5,1
1785992040,47335693,119.863,1.357,121.12,5,1
1785992040,114077881,95.973,10.056,105.882,5,1
1785992040,147449219,120.22,1.359,121.495,5,1
1785992040,214193115,116.91,1.052,117.886,5,1
1785992040,280937744,90.736,1.793,92.446,5,1
1785992040,314310547,125.201,1.43,126.545,5,1
1785992040,381057129,120.446,3.165,123.529,5,1
1785992040,447804688,103.666,2.661,106.249,5,1
1785992040,481178711,111.36,1.345,112.61,5,1
1785992040,514553223,122.112,1.17,123.199,5,1
1785992040,581302979,93.834,3.842,97.589,5,1
1785992040,614678223,112.883,2.876,115.517,5,1
1785992040,648053711,126.669,1.212,127.795,5,1
1785992040,714805420,100.693,1.252,101.861,5,1
1785992040,748181885,116.883,1.254,118.053,5,1
1785992040,814935303,86.95,1.515,88.389,5,1
1785992040,848312500,114.846,1.508,116.198,5,1
1785992040,915067383,94.272,1.856,96.051,5,1
1785992040,948403076,120.31,1.291,121.521,5,1
1785992041,15073975,101.554,1.971,103.386,5,1
1785992041,48408936,129.691,1.31,130.921,5,1
1785992041,115078613,128.332,7.324,134.996,5,1
1785992041,181747314,110.822,1.146,111.891,5,1
1785992041,215081543,129.042,1.205,130.164,5,1
1785992041,281749023,115.078,3.14,118.141,5,1
1785992041,348415771,87.075,1.165,88.159,5,1
1785992041,381748779,89.624,1.251,90.747,5,1
1785992041,415081543,97.908,2.083,99.908,5,1
1785992041,481746582,89.01,2.253,91.185,5,1
1785992041,515078857,92.482,1.211,93.613,5,1
1785992041,548410889,114.141,1.095,115.157,5,1
1785992041,581742676,118.838,1.188,119.944,5,1
1785992041,648405518,89.881,1.468,91.275,5,1
1785992041,681736816,96.159,1.15,97.227,5,1
1785992041,715067627,117.276,1.167,118.363,5,1
1785992041,781729004,88.735,1.311,89.967,5,1
1785992041,848389648,90.249,1.284,91.439,5,1
1785992041,881719482,95.735,1.531,97.181,5,1
1785992041,915050293,118.767,1.038,119.73,5,1
1785992041,981881104,98.809,2.385,101.091,5,1
1785992042,15297119,104.85,1.949,106.701,5,1
1785992042,48713379,118.605,1.428,119.664,5,1
1785992042,115546875,115.642,1.829,117.387,5,1
1785992042,148964111,142.158,8.35,150.384,5,1
1785992042,215799316,122.502,1.447,123.858,5,1
1785992042,282635986,96.943,1.501,98.361,5,1
1785992042,316054932,105.765,1.582,107.236,5,1
1785992042,382893555,84.253,1.199,85.367,5,1
1785992042,416313232,94.445,3.268,97.636,5,1
1785992042,449733398,119.447,1.233,120.597,5,1
1785992042,516574463,99.002,2.038,100.961,5,1
1785992042,549995605,105.664,1.582,107.029,5,1
1785992042,616838623,85.035,1.305,86.121,5,1
1785992042,650260742,89.788,1.145,90.851,5,1
1785992042,683683105,93.791,1.265,94.972,5,1
1785992042,717105713,114.541,1.38,115.844,5,1
1785992042,783952148,84.997,1.301,86.22,5,1
1785992042,817375732,89.266,1.186,90.369,5,1
1785992042,850799561,105.187,1.26,106.36,5,1
1785992042,884223877,118.772,1.395,119.947,5,1
1785992042,950980225,94.893,1.941,96.755,5,1
1785992042,984312988,108.382,1.355,109.594,5,1
1785992043,17645508,118.952,1.312,120.115,5,1
1785992043,84309814,104.837,5.731,110.472,5,1
1785992043,117641846,120.625,1.508,122.053,5,1
1785992043,184304932,106.801,1.546,108.009,5,1
1785992043,217635986,118.58,5.486,123.945,5,1
1785992043,284297852,97.728,1.908,99.544,5,1
1785992043,317628418,113.511,1.326,114.749,5,1
1785992043,384288818,87.632,1.624,89.179,5,1
1785992043,417618896,104.108,3.005,107.015,5,1
1785992043,450948486,115.181,1.444,116.538,5,1
1785992043,517607178,84.95,1.75,86.602,5,1
1785992043,550936279,87.339,1.208,88.463,5,1
1785992043,584265137,91.809,1.231,92.957,5,1
1785992043,617593750,92.498,1.325,93.741,5,1
1785992043,650922119,105.673,1.366,106.95,5,1
1785992043,684250244,116.58,1.031,117.54,5,1
1785992043,750905762,91.812,2.171,93.9,5,1
1785992043,784233398,122.319,6.294,128.528,5,1
1785992043,850887695,114.671,1.731,116.313,5,1
1785992043,917541992,90.916,2.145,92.963,5,1
1785992043,950873779,118.078,1.625,119.622,5,1
1785992044,17536865,89.864,1.639,91.421,5,1
1785992044,50867920,109.547,6.261,115.716,5,1
1785992044,84198730,139.232,2.278,141.182,5,1
1785992044,184190186,101.296,5.116,106.309,5,1
1785992044,217520020,115.806,1.31,117.013,5,1
1785992044,284179443,84.801,9.198,93.848,5,1
1785992044,317508789,104.598,1.904,106.339,5,1
1785992044,350837891,115.943,1.683,117.177,5,1
1785992044,417495117,89.822,1.388,91.132,5,1
1785992044,450823486,102.949,1.73,104.553,5,1
1785992044,484151855,121.818,1.465,123.185,5,1
1785992044,550807373,94.934,1.472,96.318,5,1
1785992044,584134766,110.197,1.179,111.275,5,1
1785992044,617462158,120.991,1.188,122.098,5,1
1785992044,684115967,95.547,2.223,97.689,5,1
1785992044,717442383,98.288,1.809,99.985,5,1
1785992044,750768799,117.195,1.146,118.263,5,1
1785992044,817420654,85.252,1.372,86.548,5,1
1785992044,850746338,90.619,1.138,91.675,5,1
1785992044,884071777,97.994,1.53,99.443,5,1
1785992044,917397949,102.87,1.293,104.076,5,1
1785992044,950730469,117.252,1.174,118.351,5,1
1785992045,17394775,91.94,1.484,93.312,5,1
1785992045,50726563,106.315,4.331,110.561,5,1
1785992045,84058105,155.427,1.064,156.419,5,1
1785992045,184051758,109.25,3.98,111.892,5,1
1785992045,284043213,87.083,13.76,100.628,5,1
1785992045,317373291,93.918,1.352,95.186,5,1
1785992045,350703125,108.758,1.28,109.954,5,1
1785992045,417362061,88.961,1.106,89.983,5,1
1785992045,450691406,98.471,3.555,101.938,5,1
1785992045,484020264,117.548,1.307,118.768,5,1
1785992045,550677490,91.333,2.354,93.61,5,1
1785992045,584005615,102.27,1.897,104.074,5,1
1785992045,617333740,122.391,2.741,125.013,5,1
1785992045,683989258,92.578,1.687,94.184,5,1
1785992045,717316650,100.226,1.923,102.052,5,1
1785992045,750643799,118.137,1.204,119.26,5,1
1785992045,817297363,86.681,1.746,88.349,5,1
1785992045,850624023,92.877,1.276,94.077,5,1
1785992045,883950195,109.054,1.379,110.221,5,1
1785992045,917277100,125.341,1.106,126.371,5,1
1785992045,983944580,94.144,1.184,95.209,5,1
1785992046,17278076,108.157,2.063,110.131,5,1
1785992046,50611084,118.898,1.531,120.346,5,1
1785992046,117276855,117.346,3.885,121.149,5,1
1785992046,183941895,115.813,3.965,119.692,5,1
1785992046,250605957,92.057,1.022,93.006,5,1
1785992046,283937500,99.425,10.172,109.32,5,1
1785992046,317269043,119.99,1.038,120.954,5,1
1785992046,383931396,92.746,1.461,94.115,5,1
1785992046,417262207,120.613,1.166,121.699,5,1
1785992046,483923340,98.303,1.4,99.617,5,1
1785992046,517253418,118.487,1.268,119.596,5,1
1785992046,550583496,122.887,1.411,124.222,5,1
1785992046,617242676,94.377,1.356,95.586,5,1
1785992046,650572021,117.252,1.325,118.494,5,1
1785992046,717229980,91.341,1.143,92.366,5,1
1785992046,783887207,91.389,1.341,92.644,5,1
1785992046,817215576,93.545,1.208,94.676,5,1
1785992046,850543457,98.835,1.274,100.026,5,1
1785992046,883871338,119.675,1.089,120.686,5,1
1785992046,950531250,87.793,3.241,90.955,5,1
1785992046,983862549,96.934,1.306,98.158,5,1
1785992047,17193848,101.248,1.845,103.006,5,1
1785992047,50524658,106.012,1.276,107.203,5,1
1785992047,83855225,125.265,1.293,126.474,5,1
1785992047,150515869,102.087,1.447,103.444,5,1
1785992047,183845947,134.016,3.558,137.437,5,1
1785992047,250505127,122.605,1.273,123.796,5,1
1785992047,317163574,126.753,13.81,140.412,5,1
1785992047,383821045,99.205,1.78,100.898,5,1
1785992047,417149414,122.945,1.264,124.115,5,1
1785992047,483805420,93.631,1.102,94.659,5,1
1785992047,517133301,96.884,1.242,98.027,5,1
1785992047,550460693,99.874,1.416,101.136,5,1
1785992047,583787842,121.108,1.321,122.349,5,1
1785992047,650441650,89.648,3.793,93.354,5,1
1785992047,683768311,100.055,1.304,101.283,5,1
1785992047,717094482,117.089,1.589,118.6,5,1
1785992047,783746582,88.122,1.855,89.901,5,1
1785992047,817072266,93.85,1.149,94.877,5,1
1785992047,850397705,94.689,1.407,96.013,5,1
1785992047,883722656,102.403,1.273,103.595,5,1
1785992047,917048340,108.107,1.207,109.234,5,1
1785992047,950380127,124.546,1.199,125.662,5,1
1785992048,17042725,100.134,1.791,101.835,5,1
1785992048,50373779,122.222,1.799,123.936,5,1
1785992048,117035156,127.397,1.303,128.61,5,1
1785992048,183695557,113.908,1.707,115.52,5,1
1785992048,217025391,134.873,3.97,137.216,5,1
1785992048,283684570,122.516,1.287,123.725,5,1
1785992048,350342529,100.027,16.793,116.626,5,1
1785992048,383671387,117.539,1.473,118.925,5,1
1785992048,416999756,129.607,1.456,130.978,5,1
1785992048,483656006,97.874,1.93,99.724,5,1
1785992048,516983887,119.68,1.559,121.155,5,1
1785992048,583638672,91.272,1.741,92.926,5,1
1785992048,616965820,104.006,1.87,105.776,5,1
1785992048,650292725,123.06,1.193,124.171,5,1
1785992048,716945801,91.538,1.603,93.043,5,1
1785992048,750271973,108.271,1.444,109.629,5,1
1785992048,783597900,116.721,1.292,117.929,5,1
1785992048,850249268,90.847,1.184,91.948,5,1
1785992048,883574463,92.163,1.389,93.467,5,1
1785992048,916900146,100.906,1.606,102.367,5,1
1785992048,950231689,118.411,1.212,119.545,5,1
1785992049,16894287,88.48,1.172,89.568,5,1
1785992049,50225342,90.962,1.189,92.07,5,1
1785992049,83555908,93.418,1.48,94.813,5,1
1785992049,116886475,106.148,1.371,107.434,5,1
1785992049,150216797,140.715,7.303,147.913,5,1
1785992049,216876465,120.578,1.308,121.81,5,1
1785992049,283535400,93.149,1.325,94.392,5,1
1785992049,316864502,98.363,1.136,99.421,5,1
1785992049,350193359,120.652,8.199,128.727,5,1
1785992049,416850586,100.234,1.183,101.31,5,1
1785992049,483506836,89.346,1.33,90.59,5,1
1785992049,516834473,96.069,1.29,97.281,5,1
1785992049,550161865,102.31,1.452,103.676,5,1
1785992049,583489258,111.738,1.423,113.038,5,1
1785992049,616816406,125.386,1.278,126.584,5,1
1785992049,683469727,98.377,1.908,100.133,5,1
1785992049,716796143,106.165,1.316,107.357,5,1
1785992049,750122314,119.87,1.247,121.035,5,1
1785992049,816773926,98.174,1.26,99.346,5,1
1785992049,850099365,105.19,2.25,107.355,5,1
1785992049,883424561,123.583,1.264,124.768,5,1
1785992049,950169678,98.356,1.543,99.821,5,1
1785992049,983589600,124.218,1.375,125.507,5,1
1785992050,17010010,143.575,3.329,146.82,5,1
1785992050,83851807,146.621,1.374,147.912,5,1
1785992050,150695068,120.418,2.377,122.709,5,1
1785992050,184117188,138.005,1.89,139.763,5,1
1785992050,250962891,126.524,1.398,127.841,5,1
1785992050,317810059,121.541,1.483,122.75,5,1
1785992050,384658691,117.009,10.842,127.737,5,1
1785992050,451508789,117.445,1.191,118.551,5,1
1785992050,484934570,120.06,1.101,121.088,5,1
1785992050,551786865,91.875,1.183,92.974,5,1
1785992050,585213867,94.012,1.445,95.344,5,1
1785992050,618640869,96.862,1.45,98.092,5,1
1785992050,652068604,105.361,1.466,106.732,5,1
1785992050,685496338,122.1,1.454,123.47,5,1
1785992050,752353516,95.364,1.217,96.507,5,1
1785992050,785782471,110.919,1.175,112.003,5,1
1785992050,819211914,125.318,1.113,126.353,5,1
1785992050,886072021,93.882,11.497,95.802,5,1
1785992050,919500732,104.888,3.511,108.296,5,1
1785992050,952869141,122.162,1.135,123.217,5,1
1785992051,19606689,96.071,1.532,97.514,5,1
1785992051,52975830,145.115,1.61,146.631,5,1
1785992051,119715088,133.143,1.287,134.347,5,1
1785992051,186455566,122.167,2.46,124.549,5,1
1785992051,219826172,142.153,4.61,146.678,5,1
1785992051,286568359,130.953,7.265,138.006,5,1
1785992051,353311523,101.836,1.032,102.793,5,1
1785992051,386683594,125.452,18.828,144.152,5,1
1785992051,453428711,101.393,1.404,102.712,5,1
1785992051,486801758,111.103,1.219,112.238,5,1
1785992051,520175049,122.97,1.382,124.272,5,1
1785992051,553548584,143.547,1.244,144.603,5,1
1785992051,620296387,119.98,1.737,121.64,5,1
1785992051,687045410,94.572,1.158,95.649,5,1
1785992051,720420410,118.82,1.134,119.873,5,1
1785992051,787171387,88.257,1.704,89.869,5,1
1785992051,820547119,93.8,1.205,94.916,5,1
1785992051,853923340,117.982,1.165,119.062,5,1
1785992051,920676025,88.96,1.524,90.154,5,1
1785992051,954011719,96.249,1.44,97.601,5,1
1785992051,987347168,116.248,1.266,117.432,5,1
1785992052,20682617,122.758,1.324,123.997,5,1
1785992052,87352783,97.639,1.29,98.853,5,1
1785992052,120687744,116.076,1.314,117.309,5,1
1785992052,154022217,121.099,1.323,122.343,5,1
1785992052,187356689,130.696,1.845,132.455,5,1
1785992052,254025146,117.863,11.17,128.94,5,1
1785992052,287359131,150.985,1.638,152.507,5,1
1785992052,387359863,89.386,3.671,92.943,5,1
1785992052,420693115,121.72,15.954,137.41,5,1
1785992052,487358887,91.898,1.719,93.539,5,1
1785992052,520691650,96.411,1.421,97.752,5,1
1785992052,554024170,118.643,1.186,119.751,5,1
1785992052,620688721,88.598,1.411,89.927,5,1
1785992052,654020752,93.515,1.294,94.612,5,1
1785992052,687352539,105.309,1.33,106.545,5,1
1785992052,720684082,119.517,1.321,120.758,5,1
1785992052,787346680,90.365,1.797,92.085,5,1
1785992052,820677734,96.637,1.341,97.819,5,1
1785992052,854008789,103.439,1.335,104.69,5,1
1785992052,887339355,110.153,1.428,111.492,5,1
1785992052,920670654,124.606,7.25,125.85,5,1
1785992052,987338867,109.569,1.419,110.901,5,1
1785992053,20672607,124.623,1.146,125.685,5,1
1785992053,87339600,106.66,2.826,109.401,5,1
1785992053,120672852,121.756,1.74,123.419,5,1
1785992053,187338623,124.294,1.721,125.919,5,1
1785992053,254003662,93.973,1.502,95.391,5,1
1785992053,287335938,121.329,1.168,122.417,5,1
1785992053,353999756,96.462,1.524,97.908,5,1
1785992053,387331299,106.313,2.108,108.24,5,1
1785992053,420662842,129.312,12.845,142.017,5,1
1785992053,487324951,119.544,1.533,120.994,5,1
1785992053,553986328,97.694,11.091,108.708,5,1
1785992053,587316650,122.982,1.249,124.152,5,1
1785992053,653976807,92.057,1.353,93.313,5,1
1785992053,687306641,97.016,1.211,98.12,5,1
1785992053,720636230,104.5,1.594,106.009,5,1
1785992053,753965820,111.335,1.822,113.072,5,1
1785992053,787294922,137.681,1.278,138.866,5,1
1785992053,853952637,122.442,1.372,123.732,5,1
1785992053,920610107,91.952,1.107,92.98,5,1
1785992053,953944092,99.778,1.36,101.042,5,1
1785992053,987277832,122.526,1.176,123.62,5,1
1785992054,53944580,97.259,2.445,99.627,5,1
1785992054,87277588,116.75,2.824,119.468,5,1
1785992054,120610596,141.358,4.525,145.381,5,1
1785992054,187275635,122.551,1.415,123.871,5,1
1785992054,220607910,132.554,1.217,133.686,5,1
1785992054,287271729,122.31,1.445,123.676,5,1
1785992054,353934814,93.503,1.464,94.891,5,1
1785992054,387265869,98.397,1.197,99.513,5,1
1785992054,420596924,118.968,1.13,120.022,5,1
1785992054,487258301,100.74,10.782,111.412,5,1
1785992054,520588623,127.196,1.128,128.244,5,1
1785992054,587248535,98.17,1.306,99.4,5,1
1785992054,620578369,123.509,1.212,124.637,5,1
1785992054,687237061,97.546,2.016,99.486,5,1
1785992054,720566162,112.115,1.261,113.294,5,1
1785992054,753895264,126.645,1.159,127.72,5,1
1785992054,820552246,97.293,1.274,98.491,5,1
1785992054,853880615,103.002,1.256,104.176,5,1
1785992054,887208496,121.152,1.822,122.887,5,1
1785992054,953912354,89.079,1.386,90.385,5,1
1785992054,987288330,95.111,1.116,96.142,5,1
1785992055,20664551,131.749,1.167,132.836,5,1
1785992055,54041016,175.089,1.731,176.648,5,1
1785992055,154172607,116.644,1.186,117.743,5,1
1785992055,220928711,100.725,2.125,102.765,5,1
1785992055,254307373,124.76,1.468,126.106,5,1
1785992055,321065674,97.081,3.637,100.638,5,1
1785992055,354445313,127.457,3.642,131.016,5,1
1785992055,421205811,110.432,1.876,112.225,5,1
1785992055,454586426,121.296,1.117,122.337,5,1
1785992055,521348877,97.727,15.876,113.474,5,1
1785992055,554730713,109.222,1.283,110.402,5,1
1785992055,588112793,123.451,1.088,124.462,5,1
1785992055,654877930,98.573,1.297,99.795,5,1
1785992055,688261230,121.075,1.736,122.704,5,1
1785992055,755028564,93.918,1.165,95.001,5,1
1785992055,788412598,96.714,1.439,97.758,5,1
1785992055,821797119,104.067,1.447,105.433,5,1
1785992055,855182129,120.935,1.233,122.054,5,1
1785992055,921952148,90.883,1.24,92.043,5,1
1785992055,955298584,100.553,1.299,101.771,5,1
1785992055,988645020,119.661,1.21,120.786,5,1
1785992056,55337646,96.325,1.269,97.508,5,1
1785992056,88683838,130.031,1.16,131.111,5,1
1785992056,155375977,102.102,1.399,103.423,5,1
1785992056,188721924,117.75,1.38,118.967,5,1
1785992056,222067871,133.162,1.251,134.326,5,1
1785992056,288759277,107.956,2.501,110.354,5,1
1785992056,322104980,123.565,1.2,124.682,5,1
1785992056,388796143,92.915,1.65,94.468,5,1
1785992056,422141602,98.13,1.235,99.282,5,1
1785992056,455487061,103.009,1.46,104.384,5,1
1785992056,488832275,106.726,2.903,109.544,5,1
1785992056,555522705,104.843,20.836,125.486,5,1
1785992056,588867676,123.548,1.601,124.933,5,1
1785992056,655557617,96.1,8.485,104.314,5,1
1785992056,688902588,113.093,2.403,115.398,5,1
1785992056,722247314,121.312,1.086,122.325,5,1
1785992056,788936523,97.471,1.027,98.424,5,1
1785992056,822281250,118.992,1.336,120.246,5,1
1785992056,888969971,90.272,2.218,92.314,5,1
1785992056,922314697,94.747,1.182,95.83,5,1
1785992056,955733887,102.148,1.666,103.724,5,1
1785992056,989153809,120.375,1.215,121.426,5,1
1785992057,55994141,89.321,1.418,90.666,5,1
1785992057,89415039,102.7,1.664,104.27,5,1
1785992057,122836182,128.163,1.316,129.392,5,1
1785992057,189679688,122.66,2.083,124.633,5,1
1785992057,256524414,103.637,4.085,107.51,5,1
1785992057,289947510,129.808,1.281,131.007,5,1
1785992057,356794434,117.843,1.51,119.233,5,1
1785992057,423643066,88.292,1.734,89.95,5,1
1785992057,457067627,108.742,2.364,110.936,5,1
1785992057,490492920,121.343,1.218,122.421,5,1
1785992057,557344238,99.149,1.794,100.568,5,1
1785992057,590770264,117.397,5.435,122.706,5,1
1785992057,657623779,95.439,1.498,96.837,5,1
1785992057,691051025,104.147,6.748,110.81,5,1
1785992057,724478760,122.752,1.107,123.778,5,1
1785992057,791335205,97.088,1.471,98.409,5,1
1785992057,824763916,118.301,1.188,119.398,5,1
1785992057,891622314,95.47,1.854,97.244,5,1
1785992057,925050293,104.056,2.037,105.859,5,1
1785992057,958427734,117.588,1.403,118.899,5,1
1785992058,25183594,95.066,1.361,96.351,5,1
1785992058,58562256,124.255,1.544,125.713,5,1
1785992058,125320068,104.351,2.202,106.446,5,1
1785992058,158699707,124.81,1.795,126.225,5,1
1785992058,225459961,121.192,1.212,122.321,5,1
1785992058,292221680,101.547,1.754,103.212,5,1
1785992058,325603027,125.327,1.118,126.367,5,1
1785992058,392366943,119.303,1.692,120.912,5,1
1785992058,459132080,89.367,1.924,91.214,5,1
1785992058,492515381,93.72,1.269,94.905,5,1
1785992058,525898926,105.343,3.002,108.096,5,1
1785992058,592666992,90.192,1.094,91.21,5,1
1785992058,626051514,92.012,14.432,106.301,5,1
1785992058,659436523,103.196,1.89,104.996,5,1
1785992058,692822021,119.936,1.107,120.965,5,1
1785992058,759593750,88.756,1.375,90.017,5,1
1785992058,792980225,91.966,1.107,92.991,5,1
1785992058,826366943,98.108,1.507,99.509,5,1
1785992058,859754150,108.571,1.359,109.845,5,1
1785992058,893141602,117.585,1.437,118.936,5,1
1785992058,959871094,88.363,1.436,89.724,5,1
1785992058,993213379,93.972,1.285,95.173,5,1
1785992059,26555176,119.475,1.706,121.105,5,1
1785992059,93239014,99.342,2.196,101.449,5,1
1785992059,126580566,129.076,1.343,130.337,5,1
1785992059,193263428,104.382,2.141,106.43,5,1
1785992059,226604736,122.457,1.091,123.471,5,1
1785992059,293286621,93.549,1.503,94.967,5,1
1785992059,326627441,99.427,5.706,104.944,5,1
1785992059,359968262,116.877,1.393,118.174,5,1
1785992059,426649170,88.08,2.859,90.855,5,1
1785992059,459989502,95.749,3.032,98.699,5,1
1785992059,493329834,112.481,1.382,113.768,5,1
1785992059,526669678,126.992,1.36,128.274,5,1
1785992059,593349365,117.955,3.465,121.336,5,1
1785992059,660028564,86.575,5.681,92.059,5,1
1785992059,693367920,91.988,1.239,93.148,5,1
1785992059,726707275,96.239,1.74,97.897,5,1
1785992059,760046387,97.795,1.149,98.861,5,1
1785992059,793385254,106.86,1.758,108.522,5,1
1785992059,826724121,121.178,1.375,122.475,5,1
1785992059,893401367,96.422,1.861,98.193,5,1
1785992059,926740479,118.409,1.199,119.527,5,1
1785992059,993424561,88.508,1.562,89.985,5,1
1785992060,26766357,101.5,2.818,103.703,5,1
1785992060,60107910,135.601,1.762,137.277,5,1
1785992060,126790771,121.964,0.965,122.856,5,1
1785992060,193473145,100.933,2.283,103.132,5,1
1785992060,226814209,119.179,1.105,120.2,5,1
1785992060,293495605,89.233,1.39,90.549,5,1
1785992060,326836182,97.538,1.151,98.611,5,1
1785992060,393517090,91.092,1.266,92.274,5,1
1785992060,426857178,95.606,1.846,97.367,5,1
1785992060,460197266,122.549,1.149,123.614,5,1
1785992060,526876709,119.325,3.688,122.937,5,1
1785992060,593555908,91.051,1.018,91.993,5,1
1785992060,626895264,118.696,2.243,120.729,5,1
1785992060,693573486,90.583,22.78,113.235,5,1
1785992060,726912354,121.141,1.215,122.207,5,1
1785992060,793589844,89.274,1.788,90.986,5,1
1785992060,826928223,93.216,1.168,94.231,5,1
1785992060,860266602,103.216,4.104,106.927,5,1
1785992060,893604980,121.326,1.118,122.367,5,1
1785992060,960285645,92.222,1.307,93.454,5,1
1785992060,993627686,103.386,2.085,105.21,5,1
1785992061,26969727,128.882,1.336,130.139,5,1
1785992061,60311279,183.863,1.728,185.214,5,1
1785992061,160335938,128.114,1.188,129.224,5,1
1785992061,227018311,118.462,1.132,119.511,5,1
1785992061,293699951,93.986,4.455,98.237,5,1
1785992061,327040771,109.48,1.834,111.229,5,1
1785992061,360381104,110.137,1.488,111.538,5,1
1785992061,427062012,90.941,1.115,91.976,5,1
1785992061,460402100,96.15,1.265,97.266,5,1
1785992061,493742188,124.807,1.105,125.83,5,1
1785992061,560421631,118.096,1.191,119.18,5,1
1785992061,627100830,93.648,1.549,95.116,5,1
1785992061,660440186,108.159,1.314,109.382,5,1
1785992061,693779297,122.655,4.847,127.378,5,1
1785992061,760457275,94.149,1.575,95.631,5,1
1785992061,793796143,106.791,2.066,108.716,5,1
1785992061,827134766,119.94,1.654,121.481,5,1
1785992061,860473389,131.464,1.452,132.717,5,1
1785992061,927150391,117.592,1.417,118.883,5,1
1785992061,993840332,90.077,1.56,91.562,5,1
1785992062,27184814,94.761,1.386,96.068,5,1
1785992062,60529541,112.935,1.227,114.077,5,1
1785992062,93874023,143.109,2.625,144.608,5,1
1785992062,160562744,122.968,1.323,124.202,5,1
1785992062,227250732,106.001,1.551,107.468,5,1
1785992062,260594727,117.154,1.299,118.346,5,1
1785992062,293938477,136.848,4.007,140.098,5,1
1785992062,360625977,116.27,4.193,119.494,5,1
1785992062,393969482,156.228,1.313,157.447,5,1
1785992062,493999268,105.886,2.347,108.133,5,1
1785992062,527342285,120.249,1.141,121.308,5,1
1785992062,560685059,128.474,1.132,129.524,5,1
1785992062,627370605,108.062,1.832,109.79,5,1
1785992062,660713379,127.407,1.078,128.347,5,1
1785992062,727398193,114.2,5.282,119.368,5,1
1785992062,760740479,119.989,1.274,121.184,5,1
1785992062,827424561,94.193,1.36,95.469,5,1
1785992062,860766602,110.395,1.286,111.59,5,1
1785992062,894108398,120.047,1.217,121.188,5,1
1785992062,960797363,94.951,1.337,96.117,5,1
1785992062,994144287,118.678,1.755,120.343,5,1
1785992063,60837646,94.738,4.487,98.275,5,1
1785992063,94184082,122.207,1.211,123.335,5,1
1785992063,160876953,87.854,3.038,90.814,5,1
1785992063,194223145,94.207,1.188,95.312,5,1
1785992063,227569336,103.4,1.59,104.839,5,1
1785992063,294261230,86.556,2.176,88.649,5,1
1785992063,327606934,105.755,5.973,111.628,5,1
1785992063,360952637,107.947,1.592,109.437,5,1
1785992063,394298096,120.595,1.375,121.892,5,1
1785992063,460989014,92.877,1.47,94.262,5,1
1785992063,494334229,124.783,1.627,126.329,5,1
1785992063,561024414,135.156,3.948,139.018,5,1
1785992063,627714355,127.008,1.102,128.033,5,1
1785992063,694403564,145.05,1.66,146.463,5,1
1785992063,761092529,158.938,5.551,164.362,5,1
1785992063,861125000,120.704,1.528,121.997,5,1
1785992063,927813232,103.459,2.074,105.172,5,1
1785992063,961156738,131.147,1.13,132.199,5,1
1785992064,27843506,109.832,2.132,111.802,5,1
1785992064,61186768,164.203,2.528,166.648,5,1
1785992064,161215332,120.651,1.025,121.606,5,1
1785992064,227900635,95.361,1.213,96.462,5,1
1785992064,261242920,117.882,1.23,119.024,5,1
1785992064,294585205,126.043,1.093,127.056,5,1
1785992064,361269287,119.617,1.104,120.643,5,1
1785992064,427953125,91.843,1.291,92.96,5,1
1785992064,461294678,100.975,1.567,102.457,5,1
1785992064,494636230,117.924,1.179,119.018,5,1
1785992064,527977539,124.734,1.301,125.952,5,1
1785992064,594659912,100.79,1.612,102.318,5,1
1785992064,628000732,111.626,2.027,113.563,5,1
1785992064,661341797,125.762,1.015,126.682,5,1
1785992064,728022949,102.886,1.683,104.427,5,1
1785992064,761363525,124.577,1.321,125.818,5,1
1785992064,828043945,92.5,4.817,97.167,5,1
1785992064,894724121,89.287,1.307,90.516,5,1
1785992064,928064209,94.834,1.119,95.869,5,1
1785992064,961406982,96.795,1.132,97.83,5,1
1785992064,994750000,98.542,1.256,99.711,5,1
1785992065,28092529,106.193,6.248,112.343,5,1
1785992065,61435059,128.54,2.22,129.574,5,1
1785992065,128119873,106.281,2.108,108.253,5,1
1785992065,161461914,126.232,1.064,127.217,5,1
1785992065,228145996,100.837,2.63,103.324,5,1
1785992065,261487549,123.222,1.166,124.309,5,1
1785992065,328170654,96.811,0.965,97.704,5,1
1785992065,394853271,99.141,1.385,100.441,5,1
1785992065,428194336,125.655,1.37,126.793,5,1
1785992065,494876221,104.419,7.228,111.458,5,1
1785992065,528216797,127.372,1.253,128.549,5,1
1785992065,594897705,120.751,1.668,122.339,5,1
1785992065,628238037,126.881,1.955,128.75,5,1
1785992065,694918213,98.232,1.089,99.246,5,1
1785992065,728258057,124.665,1.235,125.815,5,1
1785992065,794937256,96.924,1.716,98.472,5,1
1785992065,828276855,120.273,5.108,125.259,5,1
1785992065,894955322,94.641,2.315,96.879,5,1
1785992065,928294678,101.096,1.301,102.308,5,1
1785992065,961679932,111.889,1.248,113.053,5,1
1785992065,995065918,118.014,1.304,119.237,5,1
1785992066,61838867,93.102,1.148,94.168,5,1
1785992066,95225830,129.572,1.546,131.034,5,1
1785992066,162001465,120.985,2.319,123.229,5,1
1785992066,228779053,95.846,1.421,97.176,5,1
1785992066,262168457,102.944,2.144,104.995,5,1
1785992066,295558105,121.517,1.244,122.66,5,1
1785992066,362339111,92.367,1.492,93.686,5,1
1785992066,395730469,120.683,1.218,121.816,5,1
1785992066,462514160,94.632,1.9,96.452,5,1
1785992066,495906494,103.411,1.776,104.993,5,1
1785992066,529299561,121.207,1.728,122.856,5,1
1785992066,596086914,96.788,1.153,97.862,5,1
1785992066,629481201,124.273,1.611,125.798,5,1
1785992066,696270996,99.973,1.271,101.097,5,1
1785992066,796459229,84.367,1.261,85.541,5,1
1785992066,863253662,85.552,13.826,99.237,5,1
1785992066,896651611,118.602,1.149,119.669,5,1
1785992066,963405518,88.329,1.345,89.597,5,1
1785992066,996830566,100.539,1.485,101.943,5,1
1785992067,30256104,104.411,3.77,108.084,5,1
1785992067,63682129,119.259,1.138,120.316,5,1
1785992067,97108398,131.252,1.225,132.395,5,1
1785992067,163962158,119.248,1.166,120.312,5,1
1785992067,230817627,103.689,1.822,105.426,5,1
1785992067,264246094,116.166,1.111,117.201,5,1
1785992067,297674805,130.877,1.378,132.146,5,1
1785992067,364533447,118.829,1.066,119.819,5,1
1785992067,431394043,93.085,1.547,94.554,5,1
1785992067,464824951,121.047,1.38,122.33,5,1
1785992067,531687744,119.766,1.788,121.461,5,1
1785992067,598552246,88.807,1.644,90.373,5,1
1785992067,631985107,116.574,1.163,117.652,5,1
1785992067,698852295,86.219,1.49,87.63,5,1
1785992067,732286377,91.91,1.127,92.939,5,1
1785992067,765720947,107.041,5.147,111.999,5,1
1785992067,799155762,122.756,1.647,124.267,5,1
1785992067,866027100,104.94,24.2,128.924,5,1
1785992067,932899902,98.194,1.461,99.573,5,1
1785992067,999753418,84.734,1.119,85.776,5,1
1785992068,33172119,94.815,1.191,95.922,5,1
1785992068,66591064,122.349,1.169,123.436,5,1
1785992068,133430420,110.035,2.967,112.915,5,1
1785992068,166850342,128.627,1.587,130.126,5,1
1785992068,233691650,118.464,2.519,120.828,5,1
1785992068,267112793,126.134,1.447,127.503,5,1
1785992068,333956299,100.849,7.822,103.718,5,1
1785992068,367378418,96.808,1.104,97.83,5,1
1785992068,400801025,115.549,1.08,116.552,5,1
1785992068,467647217,87.289,1.475,88.689,5,1
1785992068,501070801,102.071,1.366,103.351,5,1
1785992068,567919189,89.152,1.51,90.555,5,1
1785992068,601343994,126.522,2.632,129.052,5,1
1785992068,634769043,158.777,2.444,161.117,5,1
1785992068,701620117,154.699,1.38,155.861,5,1
1785992068,801899414,106.814,1.428,108.156,5,1
1785992068,835326416,117.995,1.067,118.956,5,1
1785992068,902181885,91.668,16.72,108.253,5,1
1785992068,935610107,99.689,1.58,101.188,5,1
1785992068,969037109,112.874,1.209,114.007,5,1
1785992069,35703857,85.211,1.187,86.323,5,1
1785992069,69036865,101.802,1.278,102.994,5,1
1785992069,102369629,127.077,1.588,128.584,5,1
1785992069,169034668,94.385,1.07,95.382,5,1
1785992069,235698730,87.149,1.166,88.236,5,1
1785992069,269030518,92.652,1.154,93.726,5,1
1785992069,302362061,114.463,1.25,115.63,5,1
1785992069,369024414,89.66,1.342,90.926,5,1
1785992069,402355225,101.02,1.365,102.299,5,1
1785992069,435686035,116.992,1.14,118.049,5,1
1785992069,502346680,92.229,1.331,93.482,5,1
1785992069,535676758,100.664,1.814,102.373,5,1
1785992069,569006592,117.008,1.318,118.247,5,1
1785992069,635665527,93.274,1.21,94.403,5,1
1785992069,668994873,98.889,1.23,100.038,5,1
1785992069,702323730,119.926,1.269,121.046,5,1
1785992069,768981201,91.009,1.486,92.419,5,1
1785992069,802309570,103.344,1.192,104.451,5,1
1785992069,835637695,116.443,1.459,117.688,5,1
1785992069,902293213,86.134,1.197,87.257,5,1
1785992069,935620850,104.051,11.681,115.578,5,1
1785992069,968948975,120.095,1.14,121.152,5,1
1785992070,35617432,88.645,1.559,90.113,5,1
1785992070,68951416,92.111,1.213,93.24,5,1
1785992070,102285156,115.262,1.497,116.678,5,1
1785992070,135618652,125.61,1.557,127.079,5,1
1785992070,202285156,105.096,3.35,108.355,5,1
1785992070,235617920,128.21,1.137,129.271,5,1
1785992070,302283203,107.256,3.29,110.456,5,1
1785992070,335615479,119.163,1.103,120.188,5,1
1785992070,402279541,90.071,1.016,91.015,5,1
1785992070,468942627,84.257,2.415,86.587,5,1
1785992070,502273926,87.803,1.032,88.762,5,1
1785992070,535604980,107.993,1.506,109.405,5,1
1785992070,568936035,127.213,4.443,131.566,5,1
1785992070,635597168,98.382,5.418,103.723,5,1
1785992070,668927246,105.958,1.955,107.833,5,1
1785992070,702257324,120.73,1.258,121.906,5,1
1785992070,735587158,131.876,1.663,133.441,5,1
1785992070,802246338,108.104,2.331,110.351,5,1
1785992070,835575439,117.427,2.367,119.719,5,1
1785992070,902233398,85.281,1.731,86.877,5,1
1785992070,935562012,102.14,1.781,103.83,5,1
1785992070,968891357,120.183,5.154,125.215,5,1
1785992071,35716797,90.897,1.499,92.316,5,1
1785992071,69129883,96.626,1.967,98.497,5,1
1785992071,102543213,117.267,1.351,118.535,5,1
1785992071,169371094,109.551,1.936,111.383,5,1
1785992071,202785400,113.708,1.502,115.123,5,1
1785992071,236200195,118.964,1.606,120.487,5,1
1785992071,303030273,95.93,1.226,97.072,5,1
1785992071,336445801,118.26,1.423,119.576,5,1
1785992071,369861572,121.4,2.328,123.652,5,1
1785992071,436694092,95.992,1.518,97.347,5,1
1785992071,470110840,115.955,1.257,117.127,5,1
1785992071,536945313,99.48,3.009,102.383,5,1
1785992071,570362793,124.44,1.446,125.788,5,1
1785992071,637198975,106.957,7.75,114.62,5,1
1785992071,670617432,124.381,1.327,125.625,5,1
1785992071,737455322,100.177,5.581,105.096,5,1
1785992071,770874756,121.236,1.577,122.703,5,1
1785992071,837714355,90.834,1.61,92.356,5,1
1785992071,871134521,93.65,1.709,95.278,5,1
1785992071,904555176,96.115,1.798,97.832,5,1
1785992071,937976074,110.55,2.08,112.52,5,1
1785992072,4721924,107.646,7.136,114.57,5,1
1785992072,38047852,121.737,1.244,122.904,5,1
1785992072,104698975,92.757,1.411,94.091,5,1
1785992072,138024170,111.918,2.199,114.037,5,1
1785992072,171348877,124.123,1.977,126.017,5,1
1785992072,237997803,108.14,1.48,109.407,5,1
1785992072,271321777,118.091,1.049,119.066,5,1
1785992072,337968994,89.322,1.506,90.745,5,1
1785992072,371292236,100.444,4.717,105.032,5,1
1785992072,404615234,116.806,1.783,118.514,5,1
1785992072,471260010,88.841,1.894,90.66,5,1
1785992072,504582275,93.833,1.196,94.946,5,1
1785992072,537904053,107.434,2.636,109.99,5,1
1785992072,571225586,120.777,1.212,121.909,5,1
1785992072,637867676,97.025,4.371,100.727,5,1
1785992072,671188477,127.467,1.392,128.77,5,1
1785992072,737828857,99.459,1.549,100.929,5,1
1785992072,771148926,116.739,1.538,118.183,5,1
1785992072,837787842,89.558,3.055,92.537,5,1
1785992072,871106689,96.21,1.178,97.304,5,1
1785992072,904425537,115.07,1.25,116.236,5,1
1785992072,971063232,87.47,1.268,88.659,5,1
1785992073,4431885,114.834,7.117,121.831,5,1
1785992073,71170166,92.304,2.102,94.157,5,1
1785992073,104539795,114.786,1.362,116.065,5,1
1785992073,171279785,88.634,1.535,90.073,5,1
1785992073,204650391,101.432,1.299,102.642,5,1
1785992073,238020996,118.036,1.365,119.318,5,1
1785992073,304763428,93.73,1.436,95.09,5,1
1785992073,338135010,98.534,1.762,100.204,5,1
1785992073,371506836,114.465,1.153,115.54,5,1
1785992073,438251465,84.852,1.1,85.875,5,1
1785992073,471624268,90.898,1.117,91.917,5,1
1785992073,504997070,105.532,2.334,107.034,5,1
1785992073,538370605,116.308,1.242,117.468,5,1
1785992073,605117920,85.744,1.202,86.865,5,1
1785992073,638492188,94.355,1.506,95.78,5,1
1785992073,671866699,113.433,1.123,114.481,5,1
1785992073,738616455,91.661,1.303,92.882,5,1
1785992073,771991943,106.003,2.284,108.202,5,1
1785992073,805367432,114.563,1.49,115.973,5,1
1785992073,872119629,86.355,1.189,87.462,5,1
1785992073,905496094,103.972,2.56,106.437,5,1
1785992073,938873047,115.59,6.099,121.575,5,1
1785992073,972249756,118.757,1.153,119.834,5,1
1785992074,38919434,106.632,15.027,121.537,5,1
1785992074,72253906,119.093,1.427,120.416,5,1
1785992074,138922363,89.608,1.85,91.364,5,1
1785992074,172256104,93.893,1.564,95.369,5,1
1785992074,205589844,105.659,1.469,107.041,5,1
1785992074,238923340,119.429,1.134,120.484,5,1
1785992074,305589844,87.542,1.296,88.732,5,1
1785992074,338922607,91.392,1.013,92.332,5,1
1785992074,405587891,84.003,1.256,85.176,5,1
1785992074,438920166,86.638,1.464,88.022,5,1
1785992074,472252197,88.361,1.213,89.492,5,1
1785992074,505584229,102.116,1.332,103.242,5,1
1785992074,538915771,122.468,1.083,123.472,5,1
1785992074,605578613,104.73,2.633,107.272,5,1
1785992074,638909912,125.79,1.01,126.725,5,1
1785992074,705571533,100.676,6.066,106.638,5,1
1785992074,738901855,127.179,1.162,128.264,5,1
1785992074,805562256,96.434,1.377,97.712,5,1
1785992074,838892334,106.918,1.143,107.975,5,1
1785992074,872221924,120.493,1.213,121.627,5,1
1785992074,938880859,93.108,2.04,95.073,5,1
1785992074,972210693,101.083,2.02,102.994,5,1
1785992075,5545166,118.837,1.098,119.861,5,1
1785992075,72213623,91.499,7.248,98.639,5,1
1785992075,105547363,121.211,4.004,125.135,5,1
1785992075,172214355,99.87,1.415,101.199,5,1
1785992075,205547607,122.77,1.282,123.965,5,1
1785992075,272213623,100.627,1.724,102.27,5,1
1785992075,305546143,106.043,4.048,110.002,5,1
1785992075,338878418,118.451,1.052,119.43,5,1
1785992075,405542725,90.821,2.012,92.759,5,1
1785992075,438874512,103.741,4.747,108.383,5,1
1785992075,472206055,119.17,1.076,120.167,5,1
1785992075,538868652,86.815,2.127,88.867,5,1
1785992075,572199707,90.951,1.321,92.193,5,1
1785992075,605530273,95.652,1.466,97.035,5,1
1785992075,638860840,99.666,2.248,101.825,5,1
1785992075,672191162,103.512,1.6,105.032,5,1
1785992075,738851318,93.873,1.541,95.329,5,1
1785992075,772181152,121.189,1.302,122.406,5,1
1785992075,838839844,95.748,1.25,96.907,5,1
1785992075,872168945,104.228,3.476,107.601,5,1
1785992075,905498047,117.007,1.238,118.167,5,1
1785992075,972156006,86.763,0.956,87.647,5,1
1785992076,38822754,84.781,1.072,85.779,5,1
1785992076,72155762,103.813,6.456,110.148,5,1
1785992076,105488770,117.592,7.726,125.237,5,1
1785992076,172153809,95.665,1.527,97.115,5,1
1785992076,205486084,112.185,7.746,119.846,5,1
1785992076,238817871,123.39,1.157,124.467,5,1
1785992076,305481445,103.663,3.547,107.119,5,1
1785992076,338812744,118.394,1.433,119.75,5,1
1785992076,405474854,89.938,1.618,91.345,5,1
1785992076,438805664,95.007,1.328,96.233,5,1
1785992076,472136230,104.257,4.21,108.371,5,1
1785992076,505466553,118.063,1.512,119.493,5,1
1785992076,572126465,88.897,1.715,90.535,5,1
1785992076,605456299,116.114,1.144,117.18,5,1
1785992076,672114990,128.948,1.185,130.035,5,1
1785992076,738772949,117.372,1.108,118.402,5,1
1785992076,938741699,92.407,1.05,93.374,5,1
