capture_sec,capture_nanosec,target3d_in_age_ms,target3d_compute_ms,target3d_out_age_ms,depth_vs_color_skew_ms,skew_if_latest_ms,depth_valid
1785992031,736127686,192.201,0.516,192.608,,133.364,0
1785992031,836150879,146.529,0.506,146.944,,66.688,0
1785992031,902838379,130.371,3839.556,3969.806,0.0,66.693,1
1785992035,240627686,640.566,2.925,643.346,-3271.096,-3271.096,1
1785992035,307569824,617.424,7.461,624.753,502.188,502.188,1
1785992035,374515869,563.484,2.4,565.761,435.242,502.214,1
1785992035,407990479,535.601,2.804,538.268,401.768,468.739,1
1785992035,508419434,440.985,2.963,443.8,301.339,368.31,1
1785992035,541897705,415.025,3.531,418.397,267.86,334.832,1
1785992035,575376953,387.963,2.344,390.205,234.381,301.353,1
1785992035,642338135,328.661,2.257,330.787,167.42,267.728,1
1785992035,675820313,301.765,2.548,304.185,133.938,234.246,1
1785992035,742787354,241.817,3.82,245.501,66.971,167.279,1
1785992035,776272217,215.629,2.771,218.279,33.486,133.794,1
1785992035,843244873,154.621,2.357,156.852,33.485,66.821,1
1785992035,910066162,127.925,4.23,132.025,0.0,66.672,1
1785992035,976738281,120.619,3.204,123.708,0.0,66.671,1
1785992036,43409180,94.817,2.436,97.137,0.0,33.335,1
1785992036,110079346,104.285,3.587,107.74,0.0,33.335,1
1785992036,143414063,110.74,2.392,113.004,0.0,0.0,1
1785992036,176748291,126.567,2.435,128.896,0.0,66.668,1
1785992036,243416260,101.123,3.179,104.163,0.0,33.333,1
1785992036,310083252,92.813,13.707,106.392,0.0,33.333,1
1785992036,343416260,111.382,3.003,114.255,0.0,33.333,1
1785992036,376749023,112.523,3.665,116.069,0.0,33.333,1
1785992036,410081543,124.36,2.406,126.658,0.0,66.664,1
1785992036,476745850,93.53,2.597,96.018,0.0,33.332,1
1785992036,510077637,102.994,5.652,108.492,0.0,33.332,1
1785992036,543409180,106.786,2.846,109.427,0.0,33.331,1
1785992036,576740479,120.864,2.848,123.598,0.0,66.662,1
1785992036,643402100,93.145,2.23,95.263,0.0,33.331,1
1785992036,676732666,96.214,3.216,99.293,0.0,33.33,1
1785992036,710062744,112.699,2.368,114.953,0.0,0.0,1
1785992036,743392578,126.062,2.149,128.103,-33.33,66.659,1
1785992036,810051758,98.04,2.809,100.723,0.0,33.329,1
1785992036,843380859,116.206,6.272,120.028,0.0,33.33,1
1785992036,876710449,108.922,3.387,112.164,0.0,33.335,1
1785992036,910045898,117.992,3.869,121.742,0.0,66.67,1
1785992036,976716064,93.071,2.296,95.26,0.0,33.335,1
1785992037,10050781,106.275,2.432,108.572,0.0,33.334,1
1785992037,43385254,130.648,11.454,141.963,0.0,66.668,1
1785992037,110053467,126.527,2.514,128.931,0.0,66.667,1
1785992037,176720947,105.004,5.919,110.793,0.0,33.333,1
1785992037,210054199,126.043,2.363,128.268,0.0,66.666,1
1785992037,276720215,100.831,2.914,103.578,0.0,33.333,1
1785992037,310052979,137.095,7.688,144.651,0.0,66.665,1
1785992037,376717529,122.827,6.577,129.204,0.0,33.332,1
1785992037,410049316,146.257,2.384,148.524,0.0,33.332,1
1785992037,510043945,121.098,5.868,126.847,0.0,33.331,1
1785992037,543374756,140.598,2.563,143.038,0.0,33.331,1
1785992037,576705566,159.742,2.723,162.316,0.0,33.331,1
1785992037,610036133,186.427,9.831,196.127,0.0,66.66,1
1785992037,676696533,205.222,4.936,209.986,0.0,99.989,1
1785992037,743356201,183.084,2.229,185.198,33.329,99.988,1
1785992037,843343750,160.581,2.484,162.951,0.0,100.002,1
1785992037,943346191,105.674,8.863,114.411,0.0,33.336,1
1785992037,976682373,125.872,2.513,128.267,0.0,66.672,1
1785992038,10018555,127.627,2.624,130.117,0.0,66.671,1
1785992038,76689941,131.373,5.431,136.688,0.0,66.671,1
1785992038,143360840,115.365,2.345,117.595,0.0,33.335,1
1785992038,176695801,188.927,2.263,191.075,0.0,133.338,1
1785992038,276699951,159.636,2.135,161.624,0.0,100.002,1
1785992038,376702393,94.075,3.874,97.835,0.0,33.334,1
1785992038,410036133,98.843,2.578,101.309,0.0,33.333,1
1785992038,443369629,114.959,2.992,117.813,0.0,33.333,1
1785992038,476702881,149.573,2.12,151.571,0.0,66.666,1
1785992038,543368896,131.096,2.133,133.12,0.0,66.666,1
1785992038,610034424,121.39,2.433,123.711,0.0,66.664,1
1785992038,676698730,132.122,3.694,135.539,0.0,33.332,1
1785992038,743362549,154.11,3.16,157.152,0.0,66.663,1
1785992038,810025635,155.038,3.485,158.391,0.0,66.567,1
1785992038,876593018,164.992,4.005,168.863,0.0,100.345,1
1785992038,976937988,130.685,2.537,133.104,0.0,33.45,1
1785992039,10387939,173.401,4.245,177.526,0.0,66.902,1
1785992039,77290283,190.251,2.522,192.653,0.0,0.0,1
1785992039,110742676,194.284,2.791,196.951,0.0,0.0,1
1785992039,144196045,217.564,2.518,219.971,0.0,0.0,1
1785992039,177650391,224.37,2.405,226.663,0.0,0.0,1
1785992039,244561279,239.486,10.748,250.098,0.0,66.914,1
1785992039,311475586,208.857,2.751,211.465,0.0,133.821,1
1785992039,344934082,231.891,2.958,234.724,33.441,167.305,1
1785992039,512239014,110.48,2.533,112.877,0.0,33.464,1
1785992039,545702637,123.521,4.727,128.132,0.0,66.93,1
1785992039,612632324,123.05,2.178,125.118,0.0,33.466,1
1785992039,646098389,141.568,2.953,144.396,0.0,66.935,1
1785992039,713032959,124.71,2.797,127.387,0.0,66.938,1
1785992039,779971191,109.544,2.563,111.979,0.0,33.47,1
1785992039,813441406,126.835,4.692,130.279,0.0,66.943,1
1785992039,880384766,108.264,3.763,111.896,0.0,33.47,1
1785992039,913854980,118.585,3.327,121.793,0.0,33.37,1
1785992039,980594727,91.717,2.288,93.897,0.0,33.37,1
1785992040,13965088,97.226,5.242,102.309,0.0,33.371,1
1785992040,47335693,122.308,2.287,124.489,0.0,66.742,1
1785992040,114077881,99.048,7.779,106.718,0.0,33.371,1
1785992040,147449219,122.643,2.472,125.004,0.0,66.744,1
1785992040,214193115,119.224,2.321,121.435,0.0,66.745,1
1785992040,280937744,97.603,3.239,100.715,0.0,33.373,1
1785992040,314310547,134.714,6.312,139.656,0.0,66.747,1
1785992040,381057129,126.948,2.526,129.356,0.0,66.748,1
1785992040,447804688,110.066,2.76,112.699,0.0,33.374,1
1785992040,481178711,115.843,2.142,117.877,0.0,33.375,1
1785992040,514553223,125.096,3.031,128.008,0.0,66.75,1
1785992040,581302979,96.991,2.831,99.676,0.0,33.375,1
1785992040,614678223,123.438,3.637,125.881,0.0,33.375,1
1785992040,648053711,130.803,4.523,135.109,0.0,66.752,1
1785992040,714805420,106.263,2.632,108.754,0.0,33.376,1
1785992040,748181885,119.35,2.486,121.65,0.0,66.753,1
1785992040,814935303,91.686,2.728,94.285,0.0,33.377,1
1785992040,848312500,119.413,2.559,121.853,0.0,66.755,1
1785992040,915067383,98.608,6.22,104.656,0.0,33.336,1
1785992040,948403076,123.376,4.33,127.588,0.0,66.671,1
1785992041,15073975,104.603,2.967,107.415,0.0,33.335,1
1785992041,48408936,148.865,3.147,151.869,0.0,66.67,1
1785992041,115078613,145.203,8.357,153.002,0.0,66.669,1
1785992041,181747314,118.627,6.093,124.6,0.0,33.334,1
1785992041,215081543,134.146,3.388,137.172,0.0,66.667,1
1785992041,281749023,119.211,2.419,121.398,0.0,66.667,1
1785992041,348415771,89.353,2.232,91.475,0.0,33.333,1
1785992041,381748779,92.007,2.461,94.359,0.0,33.333,1
1785992041,415081543,101.031,2.129,103.056,0.0,33.333,1
1785992041,481746582,92.325,2.358,94.576,0.0,0.0,1
1785992041,515078857,94.834,2.411,97.136,33.332,33.332,1
1785992041,548410889,116.909,2.208,118.992,0.0,66.663,1
1785992041,581742676,121.802,2.521,124.073,0.0,66.663,1
1785992041,648405518,94.35,2.618,96.824,0.0,33.331,1
1785992041,681736816,99.478,3.791,103.07,0.0,33.331,1
1785992041,715067627,125.253,2.18,127.311,0.0,66.661,1
1785992041,781729004,91.283,2.16,93.337,0.0,33.33,1
1785992041,848389648,93.814,2.387,96.075,0.0,0.0,1
1785992041,881719482,99.323,8.896,108.079,-33.33,33.331,1
1785992041,915050293,120.92,3.779,124.586,0.0,66.831,1
1785992041,981881104,107.195,4.67,111.695,0.0,33.416,1
1785992042,15297119,115.793,2.501,118.16,0.0,33.416,1
1785992042,48713379,120.975,2.801,123.658,0.0,66.833,1
1785992042,115546875,129.05,2.279,131.206,0.0,66.835,1
1785992042,148964111,144.964,2.145,146.994,0.0,66.835,1
1785992042,215799316,126.333,2.232,128.434,0.0,66.837,1
1785992042,282635986,106.04,3.949,109.854,0.0,33.419,1
1785992042,316054932,112.463,3.731,116.079,0.0,33.419,1
1785992042,382893555,88.168,5.519,91.569,0.0,33.42,1
1785992042,416313232,104.195,3.044,107.106,0.0,33.42,1
1785992042,449733398,123.479,2.942,126.287,0.0,66.841,1
1785992042,516574463,105.016,2.728,107.613,0.0,33.421,1
1785992042,549995605,108.942,2.507,111.336,0.0,33.421,1
1785992042,616838623,89.148,2.125,91.164,0.0,33.422,1
1785992042,650260742,92.965,2.675,95.517,0.0,33.422,1
1785992042,683683105,97.217,4.441,101.518,0.0,33.423,1
1785992042,717105713,117.279,2.498,119.665,0.0,66.846,1
1785992042,783952148,88.049,2.791,90.723,0.0,33.424,1
1785992042,817375732,91.932,2.835,94.474,0.0,33.424,1
1785992042,850799561,109.757,2.571,112.201,0.0,33.424,1
1785992042,884223877,121.435,2.143,123.471,0.0,66.756,1
1785992042,950980225,98.136,3.862,101.869,0.0,33.333,1
1785992042,984312988,110.82,2.309,113.014,0.0,33.333,1
1785992043,17645508,121.552,2.421,123.859,0.0,66.664,1
1785992043,84309814,111.165,2.094,113.156,0.0,33.332,1
1785992043,117641846,123.353,2.548,125.649,0.0,33.332,1
1785992043,184304932,114.053,2.318,116.258,0.0,66.662,1
1785992043,217635986,122.235,7.586,127.368,0.0,66.662,1
1785992043,284297852,100.684,3.638,104.136,0.0,33.331,1
1785992043,317628418,116.94,2.456,119.285,0.0,66.66,1
1785992043,384288818,90.763,2.498,93.153,0.0,33.33,1
1785992043,417618896,113.016,2.294,115.198,0.0,33.33,1
1785992043,450948486,117.77,2.497,120.157,0.0,33.33,1
1785992043,517607178,88.562,2.238,90.685,33.329,33.329,1
1785992043,550936279,89.723,2.489,92.096,0.0,33.329,1
1785992043,584265137,99.868,4.819,104.556,0.0,33.329,1
1785992043,617593750,95.057,3.425,98.357,0.0,33.328,1
1785992043,650922119,112.793,2.584,115.264,0.0,0.0,1
1785992043,684250244,118.585,2.348,120.827,33.328,66.656,1
1785992043,750905762,95.838,3.258,98.967,0.0,33.328,1
1785992043,784233398,131.031,6.809,137.697,0.0,66.654,1
1785992043,850887695,118.761,2.3,120.956,0.0,66.654,1
1785992043,917541992,95.241,4.447,99.557,0.0,33.332,1
1785992043,950873779,120.781,2.23,122.907,0.0,66.663,1
1785992044,17536865,92.572,2.608,95.062,0.0,33.331,1
1785992044,50867920,116.922,4.72,121.52,0.0,33.331,1
1785992044,84198730,142.311,2.577,144.771,0.0,66.661,1
1785992044,184190186,109.731,2.656,112.266,0.0,33.33,1
1785992044,217520020,120.158,2.415,122.376,0.0,66.659,1
1785992044,284179443,89.49,2.86,92.23,0.0,33.329,1
1785992044,317508789,107.451,3.187,110.508,0.0,33.329,1
1785992044,350837891,119.544,2.177,121.614,0.0,66.657,1
1785992044,417495117,93.105,6.043,99.015,0.0,33.328,1
1785992044,450823486,106.431,2.107,108.405,0.0,33.328,1
1785992044,484151855,125.801,2.06,127.757,0.0,66.656,1
1785992044,550807373,97.953,2.56,100.39,0.0,33.327,1
1785992044,584134766,114.653,2.175,116.718,0.0,33.327,1
1785992044,617462158,123.371,2.843,126.103,0.0,66.654,1
1785992044,684115967,98.545,6.314,104.194,0.0,33.326,1
1785992044,717442383,103.411,3.004,106.286,0.0,33.326,1
1785992044,750768799,120.349,2.429,122.666,0.0,66.652,1
1785992044,817420654,88.438,2.862,91.185,0.0,33.326,1
1785992044,850746338,94.894,2.517,97.204,0.0,33.325,1
1785992044,884071777,101.094,8.003,108.968,0.0,33.326,1
1785992044,917397949,106.672,2.514,109.065,0.0,33.333,1
1785992044,950730469,120.918,2.494,123.255,0.0,66.664,1
1785992045,17394775,95.802,3.151,98.819,0.0,33.332,1
1785992045,50726563,114.547,2.534,116.873,0.0,66.663,1
1785992045,84058105,159.804,4.382,164.055,0.0,99.994,1
1785992045,184051758,113.328,2.427,115.641,0.0,66.661,1
1785992045,284043213,89.287,2.094,91.243,0.0,33.33,1
1785992045,317373291,96.321,2.596,98.796,0.0,33.33,1
1785992045,350703125,111.773,2.892,114.525,0.0,33.33,1
1785992045,417362061,92.241,6.851,98.91,0.0,33.329,1
1785992045,450691406,102.194,2.787,104.825,0.0,33.329,1
1785992045,484020264,119.917,2.288,122.102,0.0,66.657,1
1785992045,550677490,97.024,3.019,99.862,0.0,33.328,1
1785992045,584005615,106.767,4.829,111.468,0.0,33.328,1
1785992045,617333740,129.546,3.611,133.004,0.0,33.328,1
1785992045,683989258,98.127,3.337,101.274,33.327,33.327,1
1785992045,717316650,110.065,3.031,112.949,0.0,33.327,1
1785992045,750643799,122.516,2.382,124.782,0.0,66.654,1
1785992045,817297363,91.638,2.293,93.826,0.0,0.0,1
1785992045,850624023,97.553,2.577,100.003,33.326,33.326,1
1785992045,883950195,111.643,2.5,114.03,0.0,33.327,1
1785992045,917277100,129.843,2.694,132.356,0.0,66.667,1
1785992045,983944580,101.698,4.557,106.09,0.0,33.333,1
1785992046,17278076,113.479,2.547,115.909,0.0,33.333,1
1785992046,50611084,124.38,4.474,128.735,0.0,66.666,1
1785992046,117276855,121.33,2.414,123.636,0.0,33.333,1
1785992046,183941895,121.245,3.253,124.369,0.0,66.664,1
1785992046,250605957,98.482,3.48,101.467,0.0,33.332,1
1785992046,283937500,105.097,7.52,112.343,0.0,33.332,1
1785992046,317269043,122.262,2.775,124.921,0.0,66.662,1
1785992046,383931396,97.616,2.905,100.398,0.0,33.331,1
1785992046,417262207,125.497,2.392,127.745,0.0,66.661,1
1785992046,483923340,101.659,4.066,105.047,0.0,33.33,1
1785992046,517253418,120.862,2.642,123.386,0.0,66.66,1
1785992046,550583496,128.174,8.854,136.91,0.0,66.659,1
1785992046,617242676,100.396,8.144,108.403,0.0,33.329,1
1785992046,650572021,121.715,5.593,127.188,0.0,66.658,1
1785992046,717229980,93.486,2.243,95.625,0.0,33.329,1
1785992046,783887207,93.693,2.34,95.925,0.0,33.328,1
1785992046,817215576,97.228,2.58,99.692,0.0,33.328,1
1785992046,850543457,101.427,6.476,106.798,0.0,33.328,1
1785992046,883871338,122.383,2.606,124.79,0.0,66.66,1
1785992046,950531250,92.151,2.38,94.346,0.0,33.331,1
1785992046,983862549,99.244,2.656,101.786,0.0,33.331,1
1785992047,17193848,113.256,2.414,115.554,0.0,33.331,1
1785992047,50524658,108.462,2.501,110.838,0.0,33.331,1
1785992047,83855225,127.723,2.547,130.147,0.0,33.331,1
1785992047,150515869,105.187,5.026,109.977,0.0,33.33,1
1785992047,183845947,141.805,2.989,144.66,0.0,33.33,1
1785992047,250505127,127.074,2.265,129.23,-33.329,33.329,1
1785992047,317163574,129.026,2.518,131.429,0.0,66.657,1
1785992047,383821045,108.402,2.9,111.042,0.0,33.328,1
1785992047,417149414,127.171,2.29,129.334,0.0,66.656,1
1785992047,483805420,97.696,2.498,100.067,0.0,0.0,1
1785992047,517133301,99.429,2.541,101.855,33.327,33.327,1
1785992047,550460693,102.675,6.025,108.575,0.0,33.327,1
1785992047,583787842,125.733,2.491,128.106,0.0,33.327,1
1785992047,650441650,94.341,2.452,96.678,-33.327,33.327,1
1785992047,683768311,102.964,3.11,105.95,0.0,33.326,1
1785992047,717094482,121.855,2.142,123.893,0.0,33.326,1
1785992047,783746582,91.174,2.712,93.778,33.326,33.326,1
1785992047,817072266,96.295,2.517,98.694,0.0,33.325,1
1785992047,850397705,97.59,2.443,99.884,0.0,33.325,1
1785992047,883722656,105.228,4.635,109.732,0.0,33.326,1
1785992047,917048340,110.338,2.335,112.547,0.0,33.332,1
1785992047,950380127,126.883,2.518,129.281,0.0,66.663,1
1785992048,17042725,104.159,5.039,109.045,0.0,33.331,1
1785992048,50373779,124.876,2.397,127.148,0.0,33.331,1
1785992048,117035156,130.322,2.237,132.413,0.0,66.66,1
1785992048,183695557,116.781,3.644,120.302,0.0,33.33,1
1785992048,217025391,138.385,3.201,141.435,0.0,66.659,1
1785992048,283684570,124.996,2.489,127.369,0.0,66.658,1
1785992048,350342529,103.451,3.069,106.394,0.0,0.0,1
1785992048,383671387,119.94,2.179,122.014,33.328,66.657,1
1785992048,416999756,132.382,3.412,135.607,0.0,66.656,1
1785992048,483656006,103.857,2.871,106.594,0.0,33.328,1
1785992048,516983887,124.954,2.153,126.998,0.0,66.655,1
1785992048,583638672,95.745,2.326,97.96,0.0,33.327,1
1785992048,616965820,110.928,2.717,113.522,0.0,33.327,1
1785992048,650292725,125.457,2.771,128.119,0.0,66.653,1
1785992048,716945801,94.168,2.196,96.255,0.0,33.326,1
1785992048,750271973,110.693,2.222,112.808,0.0,33.326,1
1785992048,783597900,119.621,2.31,121.819,0.0,33.326,1
1785992048,850249268,93.211,2.735,95.834,0.0,33.325,1
1785992048,883574463,94.668,2.664,97.221,0.0,33.326,1
1785992048,916900146,103.478,2.857,106.214,0.0,33.332,1
1785992048,950231689,122.669,2.247,124.789,0.0,33.332,1
1785992049,16894287,94.693,2.272,96.857,0.0,33.331,1
1785992049,50225342,95.532,2.153,97.581,0.0,33.331,1
1785992049,83555908,99.873,2.535,102.292,0.0,33.331,1
1785992049,116886475,109.431,2.648,111.969,0.0,0.0,1
1785992049,150216797,151.191,2.625,153.699,0.0,66.66,1
1785992049,216876465,124.141,2.495,126.526,0.0,66.659,1
1785992049,283535400,95.515,2.446,97.851,0.0,33.329,1
1785992049,316864502,104.534,7.947,111.978,0.0,33.329,1
1785992049,350193359,123.056,2.45,125.393,0.0,66.657,1
1785992049,416850586,102.636,2.929,105.369,0.0,33.328,1
1785992049,483506836,93.731,2.185,95.807,0.0,33.328,1
1785992049,516834473,98.382,2.512,100.676,0.0,33.327,1
1785992049,550161865,105.293,4.248,109.427,0.0,33.327,1
1785992049,583489258,117.185,2.247,119.314,0.0,66.654,1
1785992049,616816406,128.358,2.024,130.284,0.0,66.653,1
1785992049,683469727,101.915,5.427,107.221,0.0,33.326,1
1785992049,716796143,110.898,2.796,113.571,0.0,33.326,1
1785992049,750122314,125.825,2.077,127.793,0.0,66.652,1
1785992049,816773926,104.219,5.528,109.61,0.0,33.325,1
1785992049,850099365,114.905,2.818,117.605,0.0,0.0,1
1785992049,883424561,125.961,3.26,129.094,-33.325,66.745,1
1785992049,950169678,103.71,3.203,106.657,0.0,33.42,1
1785992049,983589600,126.667,2.696,129.243,0.0,66.841,1
1785992050,17010010,150.27,2.548,152.696,0.0,100.263,1
1785992050,83851807,149.006,2.431,151.222,0.0,66.843,1
1785992050,150695068,123.871,2.29,126.051,0.0,66.845,1
1785992050,184117188,140.882,3.767,144.525,0.0,66.846,1
1785992050,250962891,130.061,5.044,134.977,0.0,66.847,1
1785992050,317810059,128.105,2.16,130.158,0.0,66.849,1
1785992050,384658691,121.11,2.953,123.825,0.0,33.425,1
1785992050,451508789,121.752,2.182,123.822,-33.425,66.852,1
1785992050,484934570,122.286,2.808,124.909,0.0,66.852,1
1785992050,551786865,96.115,2.145,98.153,0.0,33.427,1
1785992050,585213867,103.493,8.066,111.409,0.0,33.427,1
1785992050,618640869,109.228,5.119,114.148,0.0,33.428,1
1785992050,652068604,111.014,10.214,119.332,0.0,33.428,1
1785992050,685496338,126.784,2.475,129.15,0.0,66.857,1
1785992050,752353516,100.112,2.657,102.65,0.0,33.429,1
1785992050,785782471,113.449,3.94,117.26,0.0,33.429,1
1785992050,819211914,127.52,2.622,130.03,0.0,66.86,1
1785992050,886072021,97.042,2.282,99.182,0.0,33.429,1
1785992050,919500732,109.249,4.989,114.117,0.0,33.368,1
1785992050,952869141,124.414,2.381,126.68,0.0,66.738,1
1785992051,19606689,99.776,3.17,102.738,0.0,33.369,1
1785992051,52975830,151.064,2.633,153.489,0.0,66.739,1
1785992051,119715088,135.895,6.978,142.747,0.0,66.74,1
1785992051,186455566,125.802,3.823,129.5,0.0,66.741,1
1785992051,219826172,147.998,2.361,150.25,0.0,66.742,1
1785992051,286568359,133.135,2.109,135.138,0.0,66.743,1
1785992051,353311523,105.715,3.29,108.891,0.0,33.372,1
1785992051,386683594,128.766,6.437,135.068,0.0,33.373,1
1785992051,453428711,105.257,7.794,112.931,-33.373,33.373,1
1785992051,486801758,116.112,2.199,118.197,0.0,33.373,1
1785992051,520175049,127.299,5.155,132.346,0.0,33.374,1
1785992051,553548584,148.768,2.248,150.915,0.0,100.122,1
1785992051,620296387,123.045,2.656,125.576,0.0,66.749,1
1785992051,687045410,96.779,2.496,99.158,0.0,33.375,1
1785992051,720420410,122.007,2.834,124.434,0.0,66.751,1
1785992051,787171387,91.152,2.466,93.489,0.0,33.376,1
1785992051,820547119,96.619,3.042,99.444,0.0,33.376,1
1785992051,853923340,120.651,2.306,122.848,0.0,66.753,1
1785992051,920676025,92.597,2.343,94.83,0.0,33.336,1
1785992051,954011719,99.649,6.115,105.091,0.0,33.335,1
1785992051,987347168,120.244,2.248,122.381,0.0,66.671,1
1785992052,20682617,137.075,9.926,146.798,0.0,66.67,1
1785992052,87352783,100.275,5.546,105.628,0.0,33.335,1
1785992052,120687744,118.728,2.392,120.995,0.0,33.334,1
1785992052,154022217,123.709,2.421,126.007,0.0,33.334,1
1785992052,187356689,137.991,7.799,145.644,0.0,66.668,1
1785992052,254025146,129.842,14.063,143.789,0.0,66.668,1
1785992052,287359131,154.084,2.292,156.267,0.0,66.667,1
1785992052,387359863,94.262,2.851,97.0,33.333,33.333,1
1785992052,420693115,124.22,2.317,126.423,0.0,66.666,1
1785992052,487358887,96.28,2.392,98.478,0.0,33.333,1
1785992052,520691650,99.012,3.738,102.461,0.0,33.333,1
1785992052,554024170,121.226,3.759,124.874,0.0,66.665,1
1785992052,620688721,93.095,2.14,95.127,0.0,33.332,1
1785992052,654020752,96.061,2.821,98.743,0.0,33.332,1
1785992052,687352539,110.799,2.387,113.072,0.0,33.332,1
1785992052,720684082,122.008,2.468,124.348,0.0,66.663,1
1785992052,787346680,95.454,2.396,97.646,0.0,33.331,1
1785992052,820677734,101.7,3.413,104.972,0.0,33.331,1
1785992052,854008789,107.319,4.615,111.815,0.0,33.331,1
1785992052,887339355,116.331,2.803,118.874,0.0,66.666,1
1785992052,920670654,127.136,2.292,129.32,0.0,66.668,1
1785992052,987338867,114.767,2.662,117.317,0.0,33.334,1
1785992053,20672607,126.796,2.304,128.99,0.0,66.667,1
1785992053,87339600,110.402,2.538,112.828,0.0,33.333,1
1785992053,120672852,124.426,2.74,127.055,0.0,66.666,1
1785992053,187338623,136.657,2.968,139.425,0.0,66.665,1
1785992053,254003662,98.845,3.18,101.891,0.0,33.332,1
1785992053,287335938,125.9,2.202,127.953,0.0,66.664,1
1785992053,353999756,102.896,3.706,106.451,0.0,33.332,1
1785992053,387331299,109.259,2.19,111.341,0.0,33.332,1
1785992053,420662842,131.77,7.349,138.992,0.0,66.662,1
1785992053,487324951,122.558,2.614,125.062,0.0,66.661,1
1785992053,553986328,112.13,7.033,116.942,0.0,33.33,1
1785992053,587316650,125.394,2.312,127.607,0.0,66.66,1
1785992053,653976807,95.233,2.431,97.551,0.0,33.33,1
1785992053,687306641,102.164,4.839,106.383,0.0,33.33,1
1785992053,720636230,107.153,3.555,110.584,0.0,33.33,1
1785992053,753965820,115.25,2.915,117.89,0.0,33.329,1
1785992053,787294922,144.075,7.261,149.716,0.0,66.658,1
1785992053,853952637,126.863,2.42,129.173,0.0,66.657,1
1785992053,920610107,94.885,2.368,97.139,0.0,0.0,1
1785992053,953944092,103.135,3.331,106.315,33.334,33.334,1
1785992053,987277832,126.675,2.292,128.861,0.0,66.667,1
1785992054,53944580,103.947,5.979,109.806,0.0,33.333,1
1785992054,87277588,121.717,2.822,124.408,0.0,0.0,1
1785992054,120610596,154.257,2.247,156.388,33.333,99.997,1
1785992054,187275635,125.823,2.401,128.09,0.0,66.664,1
1785992054,220607910,137.812,7.104,144.775,0.0,66.664,1
1785992054,287271729,127.085,2.431,129.405,0.0,66.663,1
1785992054,353934814,96.996,2.613,99.483,0.0,33.331,1
1785992054,387265869,100.734,7.827,108.416,0.0,33.331,1
1785992054,420596924,123.343,2.679,125.911,0.0,66.661,1
1785992054,487258301,106.144,3.135,109.144,0.0,33.33,1
1785992054,520588623,129.528,3.008,132.335,0.0,66.66,1
1785992054,587248535,101.751,2.998,104.62,0.0,33.33,1
1785992054,620578369,125.825,2.431,128.142,0.0,66.659,1
1785992054,687237061,105.161,3.965,108.98,0.0,33.329,1
1785992054,720566162,117.124,3.366,120.379,0.0,33.329,1
1785992054,753895264,128.997,2.932,131.814,0.0,66.657,1
1785992054,820552246,101.488,3.062,104.426,0.0,33.328,1
1785992054,853880615,112.288,3.327,115.359,0.0,33.328,1
1785992054,887208496,125.594,2.302,127.782,0.0,66.704,1
1785992054,953912354,92.172,2.355,94.41,0.0,33.376,1
1785992054,987288330,97.616,2.591,100.096,0.0,33.376,1
1785992055,20664551,134.127,3.845,137.85,0.0,66.753,1
1785992055,54041016,177.648,2.311,179.847,0.0,100.132,1
1785992055,154172607,118.865,2.176,120.938,0.0,66.756,1
1785992055,220928711,104.525,3.291,107.668,0.0,33.379,1
1785992055,254307373,127.165,2.245,129.311,0.0,66.758,1
1785992055,321065674,104.606,8.13,112.599,0.0,33.38,1
1785992055,354445313,132.395,2.674,134.835,0.0,66.76,1
1785992055,421205811,118.832,2.243,120.965,0.0,66.762,1
1785992055,454586426,126.787,3.514,130.188,0.0,66.762,1
1785992055,521348877,101.166,5.744,106.787,0.0,33.382,1
1785992055,554730713,111.667,3.87,115.41,0.0,33.382,1
1785992055,588112793,125.676,2.51,128.075,0.0,66.765,1
1785992055,654877930,103.793,2.986,106.647,0.0,33.383,1
1785992055,688261230,126.344,2.236,128.476,0.0,66.767,1
1785992055,755028564,96.334,2.706,98.927,0.0,0.0,1
1785992055,788412598,99.995,3.588,103.317,-33.384,33.385,1
1785992055,821797119,108.427,12.232,120.527,0.0,33.385,1
1785992055,855182129,128.326,2.161,130.382,0.0,66.77,1
1785992055,921952148,95.154,2.77,97.657,0.0,0.0,1
1785992055,955298584,104.889,6.332,111.076,0.0,33.346,1
1785992055,988645020,122.118,2.982,124.98,0.0,33.346,1
1785992056,55337646,107.917,5.273,113.067,0.0,33.346,1
1785992056,88683838,139.514,6.107,144.847,0.0,66.692,1
1785992056,155375977,109.185,2.562,111.621,0.0,33.346,1
1785992056,188721924,122.527,2.288,124.704,0.0,33.346,1
1785992056,222067871,136.278,5.642,141.772,0.0,66.691,1
1785992056,288759277,112.706,5.449,118.034,0.0,33.346,1
1785992056,322104980,127.766,2.164,129.82,0.0,66.691,1
1785992056,388796143,97.664,2.168,99.727,0.0,33.345,1
1785992056,422141602,102.671,2.889,105.427,0.0,33.345,1
1785992056,455487061,105.766,3.647,109.291,0.0,33.345,1
1785992056,488832275,110.617,2.192,112.702,0.0,33.345,1
1785992056,555522705,109.745,2.322,111.955,0.0,33.345,1
1785992056,588867676,125.901,2.595,128.368,0.0,66.69,1
1785992056,655557617,98.335,2.376,100.588,0.0,33.345,1
1785992056,688902588,116.897,2.204,118.994,0.0,66.689,1
1785992056,722247314,123.435,2.921,126.247,0.0,66.689,1
1785992056,788936523,101.653,11.624,112.5,0.0,33.345,1
1785992056,822281250,121.386,2.766,124.038,0.0,33.344,1
1785992056,888969971,95.846,2.309,97.968,-33.344,33.345,1
1785992056,922314697,96.975,2.291,99.151,0.0,33.419,1
1785992056,955733887,105.118,2.6,107.6,0.0,33.42,1
1785992056,989153809,124.787,2.227,126.888,0.0,66.84,1
1785992057,55994141,100.888,6.193,106.946,0.0,33.421,1
1785992057,89415039,108.119,3.33,111.319,0.0,33.421,1
1785992057,122836182,130.59,2.833,133.261,0.0,66.844,1
1785992057,189679688,125.131,2.924,127.939,0.0,0.0,1
1785992057,256524414,108.94,5.841,114.64,33.423,33.423,1
1785992057,289947510,137.218,11.707,148.803,0.0,66.847,1
1785992057,356794434,120.43,2.555,122.853,0.0,66.849,1
1785992057,423643066,98.047,16.034,112.779,0.0,33.425,1
1785992057,457067627,115.049,2.37,117.223,0.0,33.425,1
1785992057,490492920,123.699,3.212,126.77,0.0,66.851,1
1785992057,557344238,102.139,3.126,105.136,0.0,33.426,1
1785992057,590770264,121.69,2.521,124.102,0.0,33.427,1
1785992057,657623779,100.789,4.003,104.359,-33.427,33.427,1
1785992057,691051025,114.362,2.597,116.845,0.0,33.428,1
1785992057,724478760,127.602,2.048,129.551,0.0,66.856,1
1785992057,791335205,101.134,2.568,103.567,0.0,33.429,1
1785992057,824763916,120.769,5.926,126.577,0.0,66.858,1
1785992057,891622314,104.361,8.218,111.974,0.0,33.428,1
1785992057,925050293,110.633,3.327,113.825,0.0,33.377,1
1785992057,958427734,122.138,2.259,124.289,0.0,66.756,1
1785992058,25183594,100.52,5.924,106.307,0.0,33.379,1
1785992058,58562256,129.81,4.143,133.826,0.0,33.379,1
1785992058,125320068,111.088,3.561,114.525,0.0,33.38,1
1785992058,158699707,130.579,4.074,134.494,0.0,66.76,1
1785992058,225459961,125.015,2.34,127.188,0.0,66.762,1
1785992058,292221680,106.484,7.715,114.026,0.0,33.381,1
1785992058,325603027,127.605,6.119,133.598,0.0,66.764,1
1785992058,392366943,123.302,5.412,128.595,0.0,66.765,1
1785992058,459132080,92.645,2.278,94.816,0.0,33.383,1
1785992058,492515381,96.883,4.708,101.435,0.0,33.384,1
1785992058,525898926,114.508,2.398,116.804,0.0,33.384,1
1785992058,592666992,92.414,2.353,94.657,0.0,33.385,1
1785992058,626051514,94.321,2.437,96.581,0.0,0.0,1
1785992058,659436523,108.318,5.908,114.106,-33.385,33.385,1
1785992058,692822021,123.309,2.103,125.305,0.0,66.772,1
1785992058,759593750,92.215,2.256,94.365,0.0,33.386,1
1785992058,792980225,94.216,2.635,96.709,0.0,33.387,1
1785992058,826366943,105.601,6.657,112.118,0.0,33.387,1
1785992058,859754150,111.048,2.582,113.503,0.0,33.387,1
1785992058,893141602,119.996,2.553,122.438,0.0,66.729,1
1785992058,959871094,91.156,2.817,93.857,0.0,33.342,1
1785992058,993213379,98.549,3.002,101.424,0.0,33.342,1
1785992059,26555176,125.787,2.42,128.096,0.0,66.684,1
1785992059,93239014,115.612,10.474,125.959,0.0,0.0,1
1785992059,126580566,131.489,2.515,133.878,-33.342,66.683,1
1785992059,193263428,111.007,5.494,116.389,0.0,33.341,1
1785992059,226604736,125.041,2.639,127.567,0.0,66.682,1
1785992059,293286621,96.38,12.002,108.25,0.0,33.341,1
1785992059,326627441,107.521,2.16,109.57,0.0,33.341,1
1785992059,359968262,119.381,2.505,121.772,0.0,66.681,1
1785992059,426649170,95.109,4.915,98.002,0.0,33.34,1
1785992059,459989502,99.634,2.723,102.225,0.0,33.34,1
1785992059,493329834,115.394,2.546,117.823,0.0,33.34,1
1785992059,526669678,129.354,14.253,142.164,0.0,66.68,1
1785992059,593349365,125.431,2.335,127.636,0.0,66.679,1
1785992059,660028564,95.91,2.625,98.402,0.0,33.339,1
1785992059,693367920,97.492,2.963,100.277,0.0,33.339,1
1785992059,726707275,103.269,9.861,112.715,0.0,33.339,1
1785992059,760046387,102.501,12.205,114.582,0.0,33.339,1
1785992059,793385254,110.976,2.388,113.257,0.0,33.339,1
1785992059,826724121,123.666,2.151,125.716,0.0,33.339,1
1785992059,893401367,100.566,2.886,103.325,-33.339,33.339,1
1785992059,926740479,128.55,2.57,130.988,0.0,66.684,1
1785992059,993424561,93.16,2.186,95.242,0.0,33.342,1
1785992060,26766357,104.811,5.689,110.35,0.0,33.342,1
1785992060,60107910,138.437,3.438,141.755,0.0,66.683,1
1785992060,126790771,123.942,2.997,126.825,0.0,66.682,1
1785992060,193473145,109.445,2.495,111.812,0.0,33.341,1
1785992060,226814209,121.588,2.338,123.816,0.0,66.681,1
1785992060,293495605,93.854,2.302,96.05,0.0,33.341,1
1785992060,326836182,99.841,2.522,102.255,0.0,33.341,1
1785992060,393517090,93.672,3.215,96.767,0.0,33.34,1
1785992060,426857178,101.042,3.909,104.829,0.0,33.34,1
1785992060,460197266,125.075,2.113,127.069,0.0,66.679,1
1785992060,526876709,126.062,2.158,128.115,0.0,66.679,1
1785992060,593555908,95.896,4.445,100.228,0.0,33.339,1
1785992060,626895264,123.719,2.331,125.867,0.0,66.678,1
1785992060,693573486,93.946,3.09,96.913,0.0,33.339,1
1785992060,726912354,123.378,2.55,125.82,0.0,66.677,1
1785992060,793589844,92.207,2.226,94.325,0.0,33.338,1
1785992060,826928223,95.297,2.085,97.278,0.0,33.338,1
1785992060,860266602,109.485,2.578,111.811,0.0,33.338,1
1785992060,893604980,123.524,2.496,125.908,0.0,66.681,1
1785992060,960285645,94.882,7.1,101.856,0.0,33.342,1
1785992060,993627686,106.4,3.217,109.455,0.0,33.342,1
1785992061,26969727,131.65,13.283,144.81,0.0,66.683,1
1785992061,60311279,187.363,2.393,189.641,0.0,133.366,1
1785992061,160335938,131.357,4.669,134.38,0.0,66.682,1
1785992061,227018311,123.049,3.053,125.823,0.0,66.682,1
1785992061,293699951,99.757,3.584,103.214,0.0,33.341,1
1785992061,327040771,113.759,2.381,116.028,0.0,66.681,1
1785992061,360381104,115.246,2.43,117.564,0.0,66.681,1
1785992061,427062012,93.322,2.206,95.419,0.0,33.34,1
1785992061,460402100,98.668,6.135,104.669,0.0,33.34,1
1785992061,493742188,127.049,5.12,130.814,0.0,66.679,1
1785992061,560421631,124.658,2.316,126.845,0.0,33.34,1
1785992061,627100830,96.108,6.573,102.545,33.339,33.339,1
1785992061,660440186,113.59,3.904,117.382,0.0,33.339,1
1785992061,693779297,130.642,2.447,132.963,0.0,66.678,1
1785992061,760457275,96.665,2.51,99.062,0.0,33.339,1
1785992061,793796143,109.899,2.677,112.437,0.0,33.339,1
1785992061,827134766,122.538,2.466,124.895,0.0,33.339,1
1785992061,860473389,134.089,3.01,136.971,0.0,66.677,1
1785992061,927150391,119.925,2.115,121.937,0.0,66.69,1
1785992061,993840332,93.735,2.239,95.866,0.0,33.344,1
1785992062,27184814,97.242,2.552,99.677,0.0,33.345,1
1785992062,60529541,115.739,2.708,118.332,0.0,33.344,1
1785992062,93874023,146.167,2.403,148.463,0.0,66.689,1
1785992062,160562744,125.506,3.015,128.331,0.0,0.0,1
1785992062,227250732,110.63,2.702,113.213,0.0,33.344,1
1785992062,260594727,119.799,3.3,122.976,0.0,33.344,1
1785992062,293938477,144.906,7.728,151.207,0.0,66.688,1
1785992062,360625977,122.03,4.742,126.666,0.0,66.687,1
1785992062,393969482,159.151,2.972,161.934,0.0,100.03,1
1785992062,493999268,111.675,4.002,115.556,0.0,33.343,1
1785992062,527342285,124.709,2.317,126.896,0.0,66.686,1
1785992062,560685059,132.715,2.232,134.83,0.0,66.686,1
1785992062,627370605,110.589,2.524,112.851,0.0,33.343,1
1785992062,660713379,129.545,2.872,132.301,0.0,66.685,1
1785992062,727398193,116.426,2.523,118.755,0.0,66.684,1
1785992062,760740479,125.014,4.142,129.05,0.0,66.684,1
1785992062,827424561,96.7,2.191,98.773,0.0,33.342,1
1785992062,860766602,112.806,2.148,114.853,0.0,33.342,1
1785992062,894108398,122.504,3.772,126.15,0.0,66.689,1
1785992062,960797363,97.385,2.379,99.647,0.0,33.347,1
1785992062,994144287,123.432,1.987,125.326,0.0,66.693,1
1785992063,60837646,99.593,2.514,101.997,0.0,33.346,1
1785992063,94184082,124.556,2.377,126.819,0.0,33.346,1
1785992063,160876953,92.512,2.369,94.773,33.346,33.346,1
1785992063,194223145,98.029,2.661,100.563,0.0,33.346,1
1785992063,227569336,110.593,2.457,112.941,0.0,33.346,1
1785992063,294261230,90.526,2.25,92.678,33.346,33.346,1
1785992063,327606934,110.201,7.177,117.224,0.0,33.346,1
1785992063,360952637,113.802,2.458,116.146,0.0,33.345,1
1785992063,394298096,125.437,2.27,127.601,0.0,66.691,1
1785992063,460989014,97.017,12.594,109.477,0.0,33.345,1
1785992063,494334229,127.397,2.311,129.592,0.0,0.0,1
1785992063,561024414,144.843,8.678,151.98,33.345,66.69,1
1785992063,627714355,137.76,8.131,144.394,0.0,66.689,1
1785992063,694403564,147.794,4.946,152.586,0.0,66.689,1
1785992063,761092529,186.516,3.276,189.664,0.0,100.032,1
1785992063,861125000,124.667,2.199,126.76,0.0,66.688,1
1785992063,927813232,107.443,15.719,123.015,0.0,33.344,1
1785992063,961156738,137.353,9.201,146.404,0.0,66.687,1
1785992064,27843506,115.913,6.14,121.833,0.0,33.343,1
1785992064,61186768,167.824,3.051,170.748,0.0,100.029,1
1785992064,161215332,122.674,4.07,126.624,0.0,66.685,1
1785992064,227900635,99.487,2.303,101.661,0.0,33.342,1
1785992064,261242920,120.318,2.171,122.378,0.0,66.685,1
1785992064,294585205,128.587,2.511,130.99,0.0,66.684,1
1785992064,361269287,123.414,2.022,125.335,0.0,66.684,1
1785992064,427953125,95.267,2.778,97.935,0.0,33.342,1
1785992064,461294678,103.466,2.26,105.617,0.0,0.0,1
1785992064,494636230,120.844,2.13,122.87,33.341,66.683,1
1785992064,527977539,127.622,2.272,129.786,0.0,66.682,1
1785992064,594659912,103.678,3.325,106.872,0.0,0.0,1
1785992064,628000732,115.645,5.23,120.662,-33.341,33.341,1
1785992064,661341797,130.312,2.568,132.749,0.0,66.681,1
1785992064,728022949,110.433,9.851,120.166,0.0,33.341,1
1785992064,761363525,132.571,2.792,135.165,0.0,66.68,1
1785992064,828043945,94.71,2.545,97.064,0.0,33.34,1
1785992064,894724121,95.258,4.26,99.392,0.0,33.34,1
1785992064,928064209,97.177,2.555,99.614,0.0,33.343,1
1785992064,961406982,101.324,3.238,104.435,0.0,33.343,1
1785992064,994750000,103.931,2.343,106.164,0.0,33.343,1
1785992065,28092529,113.736,5.357,117.651,0.0,33.343,1
1785992065,61435059,130.718,2.334,132.943,0.0,66.685,1
1785992065,128119873,110.502,2.596,112.977,0.0,33.342,1
1785992065,161461914,128.429,2.385,130.71,0.0,66.684,1
1785992065,228145996,105.067,4.421,108.332,0.0,33.342,1
1785992065,261487549,125.481,2.531,127.909,0.0,66.683,1
1785992065,328170654,98.936,2.536,101.356,0.0,33.341,1
1785992065,394853271,101.784,3.448,105.101,0.0,33.341,1
1785992065,428194336,130.237,6.257,136.309,0.0,66.682,1
1785992065,494876221,117.097,2.469,119.455,0.0,66.681,1
1785992065,528216797,129.782,2.661,132.329,0.0,66.681,1
1785992065,594897705,124.577,2.421,126.886,0.0,66.68,1
1785992065,628238037,130.779,2.114,132.783,0.0,66.68,1
1785992065,694918213,106.069,9.444,115.374,0.0,33.34,1
1785992065,728258057,130.593,2.261,132.729,0.0,66.679,1
1785992065,794937256,99.908,3.458,103.184,0.0,33.34,1
1785992065,828276855,122.674,5.113,127.679,0.0,66.678,1
1785992065,894955322,98.244,2.633,100.762,0.0,33.339,1
1785992065,928294678,104.663,11.438,115.978,0.0,33.385,1
1785992065,961679932,114.49,3.645,118.023,0.0,33.386,1
1785992065,995065918,121.799,2.345,123.962,0.0,33.386,1
1785992066,61838867,95.35,2.311,97.551,-33.387,33.387,1
1785992066,95225830,132.196,2.453,134.53,0.0,66.776,1
1785992066,162001465,124.389,2.8,127.077,0.0,66.778,1
1785992066,228779053,100.715,2.976,103.563,0.0,33.389,1
1785992066,262168457,109.476,2.337,111.689,0.0,33.39,1
1785992066,295558105,123.735,2.36,125.987,0.0,66.781,1
1785992066,362339111,95.073,2.37,97.334,0.0,33.391,1
1785992066,395730469,123.5,6.195,127.54,0.0,66.784,1
1785992066,462514160,97.859,2.801,100.518,0.0,33.392,1
1785992066,495906494,113.103,4.084,117.065,0.0,33.393,1
1785992066,529299561,125.994,2.181,128.076,0.0,66.787,1
1785992066,596086914,101.78,3.013,104.671,0.0,33.394,1
1785992066,629481201,126.645,2.275,128.793,0.0,66.79,1
1785992066,696270996,102.879,3.523,106.272,0.0,33.396,1
1785992066,796459229,89.673,1.994,91.573,0.0,33.397,1
1785992066,863253662,88.68,2.105,90.678,0.0,33.398,1
1785992066,896651611,120.886,2.462,123.237,0.0,66.754,1
1785992066,963405518,90.963,2.647,93.501,0.0,0.0,1
1785992066,996830566,106.115,3.04,109.017,-33.425,33.426,1
1785992067,30256104,113.481,2.277,115.649,0.0,33.426,1
1785992067,63682129,125.13,2.548,127.549,0.0,33.426,1
1785992067,97108398,135.842,2.652,138.371,0.0,66.854,1
1785992067,163962158,123.276,3.296,126.467,0.0,66.855,1
1785992067,230817627,109.533,3.257,112.671,0.0,33.428,1
1785992067,264246094,127.158,4.443,131.482,0.0,66.858,1
1785992067,297674805,136.065,12.805,148.742,0.0,66.859,1
1785992067,364533447,125.208,2.22,127.326,0.0,66.861,1
1785992067,431394043,96.809,2.492,99.185,0.0,33.431,1
1785992067,464824951,125.339,2.323,127.556,0.0,66.863,1
1785992067,531687744,122.539,2.392,124.717,0.0,66.865,1
1785992067,598552246,96.516,5.59,101.875,0.0,33.433,1
1785992067,631985107,119.579,3.265,122.728,0.0,33.433,1
1785992067,698852295,89.228,2.322,91.421,0.0,33.434,1
1785992067,732286377,94.993,2.447,97.313,0.0,33.435,1
1785992067,765720947,110.769,3.183,113.732,0.0,33.435,1
1785992067,799155762,125.694,2.56,128.124,0.0,66.871,1
1785992067,866027100,110.219,3.488,113.588,0.0,33.436,1
1785992067,932899902,101.34,8.701,109.91,0.0,33.435,1
1785992067,999753418,89.18,2.352,91.365,-33.418,33.419,1
1785992068,33172119,99.361,2.988,102.224,0.0,33.419,1
1785992068,66591064,126.312,2.331,128.532,0.0,66.839,1
1785992068,133430420,114.846,2.766,117.486,0.0,66.841,1
1785992068,166850342,131.189,3.404,134.465,0.0,66.841,1
1785992068,233691650,121.831,2.488,124.211,0.0,66.843,1
1785992068,267112793,128.356,9.692,137.919,0.0,66.844,1
1785992068,333956299,106.186,5.398,111.451,0.0,33.422,1
1785992068,367378418,99.829,2.722,102.383,0.0,33.423,1
1785992068,400801025,118.924,2.142,120.959,0.0,33.423,1
1785992068,467647217,91.857,2.171,93.925,-33.423,33.424,1
1785992068,501070801,105.384,7.447,112.707,0.0,33.424,1
1785992068,567919189,91.723,2.499,94.11,0.0,0.0,1
1785992068,601343994,130.009,3.295,133.06,-33.425,66.85,1
1785992068,634769043,162.108,2.512,164.48,0.0,100.277,1
1785992068,701620117,156.724,2.372,158.985,0.0,100.279,1
1785992068,801899414,109.97,4.115,113.951,0.0,33.427,1
1785992068,835326416,124.227,2.236,126.36,0.0,66.855,1
1785992068,902181885,94.951,2.724,97.557,0.0,33.428,1
1785992068,935610107,103.251,3.628,106.749,0.0,33.427,1
1785992068,969037109,119.075,2.066,121.037,0.0,66.667,1
1785992069,35703857,88.56,2.39,90.847,0.0,33.333,1
1785992069,69036865,105.756,2.596,108.235,0.0,33.333,1
1785992069,102369629,129.551,2.821,132.266,0.0,66.665,1
1785992069,169034668,96.638,3.031,99.443,0.0,33.332,1
1785992069,235698730,89.467,2.437,91.795,0.0,33.332,1
1785992069,269030518,97.218,2.493,99.585,0.0,33.332,1
1785992069,302362061,117.562,2.323,119.77,0.0,66.662,1
1785992069,369024414,93.115,2.869,95.867,0.0,33.331,1
1785992069,402355225,103.545,3.429,106.851,0.0,33.331,1
1785992069,435686035,119.603,2.221,121.716,0.0,66.661,1
1785992069,502346680,96.562,2.703,99.156,0.0,33.33,1
1785992069,535676758,105.161,9.69,114.727,0.0,33.33,1
1785992069,569006592,119.592,13.898,133.344,0.0,33.33,1
1785992069,635665527,99.353,7.891,106.951,-33.329,33.329,1
1785992069,668994873,109.327,6.664,115.852,0.0,33.329,1
1785992069,702323730,122.297,2.204,124.393,0.0,66.657,1
1785992069,768981201,93.418,3.284,96.584,0.0,0.0,1
1785992069,802309570,106.43,2.489,108.798,33.328,33.328,1
1785992069,835637695,118.746,2.207,120.849,0.0,33.328,1
1785992069,902293213,88.712,4.405,92.94,0.0,33.328,1
1785992069,935620850,107.216,2.412,109.514,0.0,33.328,1
1785992069,968948975,122.496,2.67,125.036,0.0,66.668,1
1785992070,35617432,92.04,2.443,94.355,0.0,33.334,1
1785992070,68951416,106.327,3.498,109.697,0.0,33.334,1
1785992070,102285156,125.963,3.399,129.21,0.0,66.667,1
1785992070,135618652,128.638,2.511,131.029,0.0,66.667,1
1785992070,202285156,113.514,2.53,115.921,0.0,33.333,1
1785992070,235617920,130.743,3.428,134.047,0.0,66.665,1
1785992070,302283203,113.42,2.335,115.643,0.0,66.665,1
1785992070,335615479,121.725,2.563,124.176,0.0,66.664,1
1785992070,402279541,92.115,2.459,94.419,0.0,33.332,1
1785992070,468942627,88.14,2.396,90.413,0.0,33.331,1
1785992070,502273926,90.091,2.918,92.897,0.0,33.331,1
1785992070,535604980,110.708,2.609,113.205,0.0,33.331,1
1785992070,568936035,135.814,5.175,140.781,0.0,66.661,1
1785992070,635597168,108.13,9.33,117.053,0.0,33.33,1
1785992070,668927246,109.756,3.219,112.846,0.0,33.33,1
1785992070,702257324,123.478,2.332,125.695,0.0,66.66,1
1785992070,735587158,135.165,2.866,137.909,0.0,66.659,1
1785992070,802246338,111.203,2.439,113.538,0.0,33.329,1
1785992070,835575439,125.042,2.389,127.318,0.0,66.658,1
1785992070,902233398,90.76,2.125,92.785,0.0,33.329,1
1785992070,935562012,105.377,2.445,107.66,0.0,33.329,1
1785992070,968891357,128.561,2.256,130.701,0.0,66.825,1
1785992071,35716797,95.501,2.107,97.504,0.0,33.413,1
1785992071,69129883,109.313,3.486,112.685,0.0,33.413,1
1785992071,102543213,121.727,2.628,124.232,0.0,66.828,1
1785992071,169371094,115.809,3.521,119.216,0.0,33.414,1
1785992071,202785400,119.348,3.517,122.74,0.0,33.415,1
1785992071,236200195,124.151,2.007,126.05,0.0,66.83,1
1785992071,303030273,99.84,8.667,108.081,0.0,33.416,1
1785992071,336445801,121.55,2.165,123.611,0.0,66.832,1
1785992071,369861572,124.793,2.202,126.892,0.0,66.833,1
1785992071,436694092,99.478,11.689,111.047,0.0,33.417,1
1785992071,470110840,119.431,2.011,121.35,0.0,66.834,1
1785992071,536945313,103.123,2.942,105.946,0.0,0.0,1
1785992071,570362793,127.341,2.222,129.452,-33.417,66.836,1
1785992071,637198975,115.859,2.353,118.085,0.0,66.837,1
1785992071,670617432,126.662,2.441,128.981,-33.418,66.838,1
1785992071,737455322,106.696,3.09,109.661,0.0,33.419,1
1785992071,770874756,123.717,2.412,126.023,0.0,66.84,1
1785992071,837714355,93.321,2.55,95.767,0.0,33.42,1
1785992071,871134521,96.131,2.695,98.721,0.0,33.421,1
1785992071,904555176,98.874,2.431,101.193,0.0,33.421,1
1785992071,937976074,114.086,2.383,116.364,0.0,66.746,1
1785992072,4721924,112.204,2.171,114.27,0.0,66.652,1
1785992072,38047852,127.139,2.486,129.513,0.0,66.651,1
1785992072,104698975,95.681,3.002,98.545,0.0,33.325,1
1785992072,138024170,115.548,2.803,118.196,0.0,33.325,1
1785992072,171348877,138.412,4.928,143.222,0.0,66.649,1
1785992072,237997803,113.553,2.73,116.172,0.0,33.324,1
1785992072,271321777,122.309,2.304,124.506,0.0,66.647,1
1785992072,337968994,94.349,2.706,96.827,0.0,33.323,1
1785992072,371292236,109.102,2.841,111.811,0.0,33.323,1
1785992072,404615234,121.917,2.228,124.039,0.0,66.645,1
1785992072,471260010,92.881,9.43,102.087,0.0,33.322,1
1785992072,504582275,100.56,26.134,123.969,0.0,33.322,1
1785992072,537904053,111.155,11.122,122.156,0.0,33.322,1
1785992072,571225586,123.215,2.534,125.644,0.0,66.642,1
1785992072,637867676,101.944,3.545,105.373,0.0,33.321,1
1785992072,671188477,129.855,2.991,132.729,0.0,66.64,1
1785992072,737828857,110.575,5.826,116.199,0.0,33.32,1
1785992072,771148926,119.468,2.56,121.855,0.0,66.639,1
1785992072,837787842,93.791,2.434,96.107,0.0,33.319,1
1785992072,871106689,98.824,3.078,101.785,0.0,33.319,1
1785992072,904425537,118.818,2.511,121.213,0.0,66.638,1
1785992072,971063232,92.731,6.62,95.174,0.0,33.369,1
1785992073,4431885,121.154,2.216,123.266,0.0,66.738,1
1785992073,71170166,97.277,2.522,99.691,0.0,33.37,1
1785992073,104539795,118.598,2.368,120.85,0.0,33.37,1
1785992073,171279785,91.374,2.198,93.465,0.0,33.371,1
1785992073,204650391,103.885,3.615,107.375,0.0,33.371,1
1785992073,238020996,122.494,2.175,124.564,0.0,66.742,1
1785992073,304763428,98.434,2.478,100.754,0.0,33.372,1
1785992073,338135010,101.202,8.438,109.508,0.0,33.372,1
1785992073,371506836,116.975,2.361,119.226,0.0,66.745,1
1785992073,438251465,87.321,2.248,89.461,0.0,33.373,1
1785992073,471624268,93.525,2.969,96.258,0.0,33.373,1
1785992073,504997070,109.152,2.903,111.953,0.0,33.374,1
1785992073,538370605,118.82,2.574,121.283,0.0,66.747,1
1785992073,605117920,87.9,2.091,89.844,0.0,33.374,1
1785992073,638492188,96.724,2.93,99.473,0.0,33.375,1
1785992073,671866699,115.512,2.824,118.23,0.0,66.75,1
1785992073,738616455,94.338,2.933,97.15,0.0,33.375,1
1785992073,771991943,110.002,2.28,112.161,0.0,33.375,1
1785992073,805367432,118.146,3.353,121.386,0.0,66.752,1
1785992073,872119629,88.586,2.511,90.975,0.0,33.376,1
1785992073,905496094,110.486,2.247,112.616,0.0,33.377,1
1785992073,938873047,117.854,2.167,119.917,0.0,66.712,1
1785992073,972249756,123.593,2.515,125.978,33.335,66.67,1
1785992074,38919434,111.767,2.262,113.918,0.0,33.334,1
1785992074,72253906,123.451,2.171,125.517,0.0,66.668,1
1785992074,138922363,106.151,4.657,110.654,0.0,33.334,1
1785992074,172256104,96.476,3.622,99.778,0.0,33.334,1
1785992074,205589844,114.728,2.167,116.774,0.0,33.333,1
1785992074,238923340,123.424,2.062,125.36,0.0,66.667,1
1785992074,305589844,91.292,2.674,93.852,0.0,33.333,1
1785992074,338922607,93.5,2.689,96.074,0.0,33.333,1
1785992074,405587891,88.332,2.272,90.498,0.0,33.332,1
1785992074,438920166,91.2,2.323,93.362,0.0,33.332,1
1785992074,472252197,90.797,2.622,93.31,0.0,33.332,1
1785992074,505584229,105.741,2.474,108.078,0.0,33.332,1
1785992074,538915771,124.794,2.535,127.218,0.0,66.663,1
1785992074,605578613,109.257,2.27,111.425,0.0,33.331,1
1785992074,638909912,127.895,2.938,130.712,0.0,66.662,1
1785992074,705571533,114.305,2.254,116.45,0.0,33.33,1
1785992074,738901855,131.953,3.012,134.836,0.0,66.66,1
1785992074,805562256,101.268,3.163,104.255,0.0,33.33,1
1785992074,838892334,109.5,2.543,111.926,0.0,0.0,1
1785992074,872221924,122.804,2.492,125.189,-33.33,66.659,1
1785992074,938880859,97.758,2.561,100.194,0.0,33.33,1
1785992074,972210693,104.369,3.432,107.527,0.0,33.334,1
1785992075,5545166,124.895,2.264,127.055,0.0,66.668,1
1785992075,72213623,95.949,2.602,98.365,0.0,33.334,1
1785992075,105547363,127.01,4.269,130.641,0.0,66.667,1
1785992075,172214355,105.542,8.887,114.297,0.0,33.333,1
1785992075,205547607,127.025,2.582,129.159,0.0,66.666,1
1785992075,272213623,107.43,4.655,111.949,0.0,33.333,1
1785992075,305546143,113.899,2.811,116.594,0.0,66.665,1
1785992075,338878418,120.575,2.736,123.197,0.0,66.664,1
1785992075,405542725,97.011,2.918,99.807,0.0,33.332,1
1785992075,438874512,110.036,3.039,112.951,0.0,33.332,1
1785992075,472206055,121.395,2.555,123.841,0.0,66.663,1
1785992075,538868652,90.151,2.535,92.579,0.0,33.331,1
1785992075,572199707,94.195,7.014,101.083,0.0,33.331,1
1785992075,605530273,102.721,6.9,109.488,0.0,33.331,1
1785992075,638860840,102.794,2.49,105.173,0.0,33.33,1
1785992075,672191162,106.338,2.828,109.036,0.0,33.33,1
1785992075,738851318,97.367,3.433,100.622,0.0,33.33,1
1785992075,772181152,124.243,2.537,126.583,0.0,66.659,1
1785992075,838839844,98.136,3.684,101.687,0.0,33.329,1
1785992075,872168945,113.708,2.295,115.897,0.0,33.329,1
1785992075,905498047,119.728,2.604,122.22,0.0,66.658,1
1785992075,972156006,88.92,2.362,91.181,0.0,33.333,1
1785992076,38822754,89.652,2.137,91.69,0.0,33.333,1
1785992076,72155762,106.815,3.413,109.861,0.0,33.333,1
1785992076,105488770,122.854,3.029,125.777,0.0,66.665,1
1785992076,172153809,98.853,2.506,101.247,0.0,33.332,1
1785992076,205486084,123.248,4.753,127.884,0.0,66.664,1
1785992076,238817871,126.322,2.876,129.091,0.0,66.664,1
1785992076,305481445,110.979,2.232,113.095,0.0,33.331,1
1785992076,338812744,123.201,2.24,125.337,0.0,66.662,1
1785992076,405474854,94.971,2.428,97.279,0.0,33.331,1
1785992076,438805664,100.51,6.02,106.384,0.0,33.331,1
1785992076,472136230,112.671,2.994,115.546,0.0,33.33,1
1785992076,505466553,121.897,2.229,124.019,0.0,66.66,1
1785992076,572126465,94.249,3.111,97.23,0.0,33.33,1
1785992076,605456299,118.397,5.637,123.918,0.0,66.659,1
1785992076,672114990,134.159,2.217,136.272,0.0,66.658,1
1785992076,738772949,119.586,2.591,122.062,0.0,66.657,1
1785992076,938741699,100.672,13.039,113.594,-33.328,33.328,1
