capture_sec,capture_nanosec,base_in_age_ms,base_compute_ms,true_e2e_ms,output_period_ms,target_valid
1785810365,958657471,156.635,5.016,,,0
1785810366,26019287,126.576,0.65,,32.904,0
1785810366,127103027,2250.509,3.946,2254.444,2228.344,1
1785810367,765249756,642.871,1.909,644.761,28.478,1
1785810367,798419922,620.299,0.705,620.979,9.391,1
1785810367,864994873,557.361,0.582,557.915,3.514,1
1785810367,898280273,558.892,3.091,561.974,37.322,1
1785810367,964846924,504.967,0.771,505.705,10.315,1
1785810368,31407959,442.553,0.831,443.32,4.18,1
1785810368,64686523,413.135,0.601,413.733,3.671,1
1785810368,131239746,349.905,0.615,350.494,3.336,1
1785810368,197787354,286.554,0.604,287.134,3.186,1
1785810368,264329590,225.445,0.608,226.026,5.434,1
1785810368,330866455,172.089,0.787,172.855,13.355,1
1785810368,397397705,109.701,1.163,110.84,4.526,1
1785810368,430661377,116.896,0.579,117.436,39.862,1
1785810368,530444336,84.259,0.555,84.788,67.136,1
1785810368,596959473,86.8,0.763,87.539,69.265,1
1785810368,663468994,84.446,0.552,84.972,63.943,1
1785810368,729973389,88.137,0.589,88.701,70.232,1
1785810368,796476318,87.878,0.604,88.454,66.257,1
1785810368,863094238,89.118,2.056,91.15,69.311,1
1785810368,896401855,126.634,0.637,127.249,69.405,1
1785810368,963015381,98.094,0.783,98.854,38.217,1
1785810369,29625977,87.621,0.648,88.246,56.006,1
1785810369,96233398,84.523,0.596,85.094,63.455,1
1785810369,162837891,87.457,0.569,87.984,69.496,1
1785810369,229439453,85.502,0.576,86.053,64.67,1
1785810369,296038086,92.972,0.773,93.718,74.261,1
1785810369,362633545,93.234,0.664,93.874,66.754,1
1785810369,429226318,85.4,0.553,85.93,58.65,1
1785810369,495815918,86.109,0.577,86.66,67.319,1
1785810369,562402588,85.758,0.577,86.31,66.236,1
1785810369,628986084,85.031,0.664,85.675,65.946,1
1785810369,695566895,87.304,0.635,87.916,68.823,1
1785810369,762144531,108.532,1.088,109.603,88.253,1
1785810369,795446045,122.501,0.655,123.135,46.845,1
1785810369,862373535,90.989,0.653,91.621,35.414,1
1785810369,929305664,91.704,0.726,92.407,67.717,1
1785810369,996243164,89.208,0.572,89.755,64.288,1
1785810370,63185303,85.825,0.565,86.365,63.552,1
1785810370,130132568,87.828,0.566,88.371,68.952,1
1785810370,197084473,88.113,0.66,88.748,67.328,1
1785810370,264041504,86.482,0.619,87.077,65.286,1
1785810370,331003662,86.36,0.794,87.132,67.013,1
1785810370,364486328,114.39,0.922,115.282,61.634,1
1785810370,397970459,120.145,0.648,120.768,38.972,1
1785810370,464942383,91.317,0.583,91.878,38.083,1
1785810370,531919189,87.131,0.572,87.682,62.781,1
1785810370,598900879,86.254,0.649,86.882,66.181,1
1785810370,665887451,82.368,0.65,82.994,63.099,1
1785810370,732879150,92.321,0.631,92.931,76.928,1
1785810370,799856934,84.036,0.58,84.591,58.638,1
1785810370,866472168,85.565,0.795,86.338,68.36,1
1785810370,933084961,85.943,0.785,86.705,66.982,1
1785810370,999694824,84.725,0.558,85.258,65.163,1
1785810371,66302246,82.79,0.688,83.454,64.804,1
1785810371,132906982,88.162,0.897,89.038,72.186,1
1785810371,199509033,83.088,0.55,83.616,61.183,1
1785810371,266108398,82.586,0.68,83.244,66.227,1
1785810371,332705322,89.317,0.652,89.946,73.297,1
1785810371,399299561,87.087,0.56,87.625,64.275,1
1785810371,465890869,83.758,0.553,84.289,63.256,1
1785810371,532479736,87.532,0.804,88.318,70.615,1
1785810371,599066162,82.964,0.781,83.72,61.991,1
1785810371,665649658,83.78,0.571,84.327,67.191,1
1785810371,732230469,95.219,0.593,95.789,78.043,1
1785810371,798812988,87.086,0.74,87.8,58.593,1
1785810371,865452393,84.557,0.572,85.104,63.944,1
1785810371,932090088,89.269,0.644,89.89,71.423,1
1785810371,998726074,87.293,0.577,87.847,64.592,1
1785810372,65360107,89.178,0.58,89.733,68.522,1
1785810372,98676514,110.495,1.7,112.179,55.753,1
1785810372,165308105,87.972,0.693,88.641,43.102,1
1785810372,231937988,86.052,0.559,86.602,64.578,1
1785810372,331879150,93.111,0.6,93.685,107.038,1
1785810372,365192139,116.109,0.588,116.672,56.3,1
1785810372,398504639,123.03,0.556,123.562,40.203,1
1785810372,498439209,88.287,0.656,88.922,65.293,1
1785810372,565060059,84.439,0.715,85.134,62.832,1
1785810372,631679199,84.44,0.793,85.212,66.698,1
1785810372,698296631,87.892,0.571,88.441,69.846,1
1785810372,764912354,113.166,0.644,113.782,91.956,1
1785810372,798227051,122.005,0.581,122.566,42.098,1
1785810372,865070557,93.608,0.555,94.142,38.42,1
1785810372,931915771,92.8,0.568,93.342,66.045,1
1785810372,998762451,84.768,0.54,85.283,58.789,1
1785810373,65610840,85.351,0.57,85.896,67.461,1
1785810373,132460938,85.667,0.579,86.221,67.176,1
1785810373,199312744,86.738,0.633,87.343,67.973,1
1785810373,232739258,97.274,0.946,98.111,44.189,1
1785810373,299593262,89.967,0.731,90.671,59.416,1
1785810373,366449219,89.028,0.565,89.567,65.755,1
1785810373,433306641,89.592,0.642,90.148,67.438,1
1785810373,500165771,84.778,0.607,85.361,62.072,1
1785810373,567026611,83.924,0.56,84.459,65.959,1
1785810373,633888916,83.924,0.558,84.458,66.861,1
1785810373,700752930,84.137,0.57,84.682,67.089,1
1785810373,767618652,91.389,0.64,92.007,74.19,1
1785810373,867866211,83.2,0.571,83.748,91.989,1
1785810373,934682617,86.4,0.723,87.103,70.168,1
1785810373,968091309,96.754,0.954,97.643,43.942,1
1785810374,34909424,85.748,0.59,86.315,55.5,1
1785810374,101728271,84.326,0.744,85.05,65.553,1
1785810374,168548340,83.379,0.568,83.925,65.697,1
1785810374,235369141,85.373,0.665,86.014,68.909,1
1785810374,302191162,83.958,0.694,84.631,65.435,1
1785810374,369013916,92.153,0.618,92.751,74.944,1
1785810374,435837891,83.843,0.57,84.392,58.467,1
1785810374,502662598,83.204,0.642,83.826,66.258,1
1785810374,569488281,83.507,0.813,84.298,67.299,1
1785810374,636315186,82.802,0.57,83.352,65.88,1
1785810374,703142822,82.319,0.561,82.858,66.335,1
1785810374,803385010,81.705,0.598,82.281,99.665,1
1785810374,870001953,82.638,0.554,83.171,67.506,1
1785810374,936616699,88.03,0.555,88.564,72.007,1
1785810375,3229492,83.475,0.631,84.085,62.134,1
1785810375,69840576,83.806,0.566,84.349,66.876,1
1785810375,136449463,81.7,0.612,82.289,64.548,1
1785810375,169753418,94.991,0.812,95.794,46.789,1
1785810375,236359619,83.728,0.66,84.368,55.2,1
1785810375,302963623,85.872,0.65,86.501,68.735,1
1785810375,369565918,85.637,0.759,86.376,66.478,1
1785810375,436166260,83.211,0.598,83.784,64.009,1
1785810375,502764648,85.059,0.553,85.59,68.405,1
1785810375,569361328,83.27,0.644,83.893,64.899,1
1785810375,635955811,86.61,0.782,87.29,69.992,1
1785810375,702548340,85.443,0.57,85.993,65.295,1
1785810375,769139160,89.738,0.721,90.376,70.974,1
1785810375,835829102,84.101,0.569,84.648,60.963,1
1785810375,902617188,83.252,0.569,83.799,65.939,1
1785810375,969405518,88.718,0.745,89.443,72.428,1
1785810376,36194580,83.626,0.579,84.183,61.532,1
1785810376,102983887,85.633,0.558,86.168,68.775,1
1785810376,169773926,81.78,0.55,82.309,62.931,1
1785810376,236564453,87.536,0.934,88.452,72.927,1
1785810376,303355469,87.027,0.595,87.598,65.941,1
1785810376,370147217,87.922,0.64,88.541,67.737,1
1785810376,436939209,82.814,0.606,83.395,61.645,1
1785810376,503731689,82.351,0.61,82.94,66.338,1
1785810376,570524902,81.987,0.631,82.594,66.447,1
1785810376,637318604,85.599,0.661,86.239,70.438,1
1785810376,704112793,85.207,0.607,85.796,66.35,1
1785810376,804304199,83.063,0.571,83.613,98.011,1
1785810376,870919189,82.512,0.563,83.054,66.055,1
1785810376,937532471,87.231,0.553,87.76,71.321,1
1785810377,4143799,83.825,0.689,84.493,63.343,1
1785810377,70753418,86.075,0.629,86.682,68.797,1
1785810377,137361084,84.127,0.562,84.668,64.596,1
1785810377,203967041,81.486,0.551,82.016,63.955,1
1785810377,270571289,84.105,0.618,84.718,69.29,1
1785810377,337173584,84.529,0.754,85.264,67.162,1
1785810377,403773926,83.363,0.706,84.048,65.386,1
1785810377,470372803,84.085,0.696,84.741,67.293,1
1785810377,536969482,83.116,0.573,83.668,65.523,1
1785810377,603564697,85.195,0.631,85.804,68.732,1
1785810377,670157959,82.986,0.887,83.854,64.642,1
1785810377,736749268,94.169,0.668,94.82,77.553,1
1785810377,770044189,115.171,0.597,115.745,54.226,1
1785810377,803340332,127.588,0.593,128.158,45.709,1
1785810377,870029297,110.92,0.697,111.602,50.125,1
1785810377,903373779,131.415,0.642,132.049,53.783,1
1785810377,970062988,116.821,0.671,117.473,52.128,1
1785810378,36752441,97.361,0.702,98.039,47.253,1
1785810378,103442139,91.426,0.814,92.177,60.83,1
1785810378,170132324,87.031,0.737,87.745,62.26,1
1785810378,236822754,86.788,0.591,87.354,66.301,1
1785810378,303513184,88.278,0.768,89.024,68.358,1
1785810378,336858643,125.581,0.69,126.249,70.572,1
1785810378,403549805,99.257,1.104,100.337,40.77,1
1785810378,470241211,90.782,0.568,91.329,57.694,1
1785810378,536932861,83.052,0.663,83.693,59.055,1
1785810378,603624756,87.112,0.555,87.645,70.646,1
1785810378,670316895,83.709,0.648,84.337,63.382,1
1785810378,737009521,99.39,0.819,100.183,82.532,1
1785810378,770355713,120.198,0.575,120.75,53.921,1
1785810378,837063477,88.44,0.559,88.977,34.935,1
1785810378,903824219,84.664,0.55,85.192,62.976,1
1785810378,970609131,86.168,0.556,86.703,68.295,1
1785810379,37394531,83.176,0.58,83.719,63.801,1
1785810379,104180420,83.167,0.582,83.729,66.796,1
1785810379,170966797,83.166,0.642,83.787,66.845,1
1785810379,237753662,84.472,0.632,85.083,68.082,1
1785810379,304541016,88.268,0.581,88.828,70.532,1
1785810379,371328613,91.848,0.589,92.414,70.374,1
1785810379,438116943,83.926,0.568,84.474,58.849,1
1785810379,504905762,84.807,0.695,85.475,67.789,1
1785810379,571694824,82.471,0.764,83.213,64.528,1
1785810379,638484375,81.777,0.573,82.326,65.903,1
1785810379,705274658,87.334,0.618,87.93,72.394,1
1785810379,772065186,93.387,3.823,97.236,76.047,1
1785810379,805460693,109.343,0.549,109.871,46.08,1
1785810379,872227783,89.577,0.61,90.164,47.059,1
1785810379,938840332,83.414,0.592,83.984,60.433,1
1785810380,5451172,82.426,0.631,83.039,65.663,1
1785810380,72060059,82.787,0.702,83.47,67.04,1
1785810380,138667236,83.336,0.602,83.916,67.057,1
1785810380,205272461,83.737,0.744,84.459,67.145,1
1785810380,271875977,83.208,0.667,83.854,66.002,1
1785810380,338477783,92.363,0.64,92.98,75.726,1
1785810380,405077637,86.069,0.62,86.668,60.291,1
1785810380,471675781,84.455,0.614,85.046,64.976,1
1785810380,538272217,85.725,0.769,86.47,68.018,1
1785810380,604866699,83.157,0.594,83.727,63.854,1
1785810380,671459473,87.383,0.599,88.024,70.827,1
1785810380,738050537,87.617,2.055,89.665,68.28,1
1785810380,804639648,86.948,0.549,87.472,64.413,1
1785810380,871238770,87.781,0.568,88.386,67.454,1
1785810380,937847900,83.587,0.566,84.128,62.409,1
1785810381,4455322,84.735,0.625,85.331,67.811,1
1785810381,71060547,88.393,0.621,88.992,70.266,1
1785810381,137664307,85.544,0.636,86.158,63.769,1
1785810381,204266113,84.754,1.788,86.527,66.964,1
1785810381,270865967,85.552,0.561,86.093,66.171,1
1785810381,337463867,86.549,0.736,87.264,67.769,1
1785810381,404060059,86.651,0.576,88.229,66.538,1
1785810381,437357666,100.63,0.765,101.371,47.461,1
1785810381,503950928,86.667,0.547,87.192,52.417,1
1785810381,570542480,85.884,0.603,86.445,65.844,1
1785810381,637132324,85.66,0.66,86.301,66.444,1
1785810381,703720215,85.545,0.642,86.167,66.454,1
1785810381,770306152,97.836,0.707,98.522,78.933,1
1785810381,803598633,105.88,0.58,106.435,41.216,1
1785810381,870250000,88.295,0.566,88.826,49.043,1
1785810381,937009766,87.046,0.59,87.613,65.546,1
1785810382,3771729,86.023,0.557,86.56,65.709,1
1785810382,70535400,86.001,0.749,86.729,66.928,1
1785810382,137301270,89.019,0.607,89.6,69.641,1
1785810382,204069336,85.831,0.645,86.451,63.619,1
1785810382,270839355,86.175,0.603,86.753,67.072,1
1785810382,337611572,88.41,0.626,89.008,69.027,1
1785810382,404385498,87.558,0.567,88.103,65.869,1
1785810382,471161865,85.497,0.638,86.198,64.787,1
1785810382,537939941,87.327,0.668,87.97,68.635,1
1785810382,604720459,85.523,0.649,86.152,64.963,1
1785810382,671502686,85.55,0.635,86.099,66.73,1
1785810382,738287109,88.144,0.718,88.713,69.398,1
1785810382,805073486,86.765,0.553,87.298,65.371,1
1785810382,871788086,84.776,0.551,85.305,64.723,1
1785810382,938427979,86.567,0.798,87.397,68.676,1
1785810383,5066406,85.395,0.603,85.975,65.269,1
1785810383,71703857,85.067,0.712,85.756,66.419,1
1785810383,138339844,85.858,0.903,86.533,67.415,1
1785810383,204974609,85.264,0.695,85.938,66.038,1
1785810383,271608154,87.157,0.708,87.847,68.541,1
1785810383,338240234,93.423,0.712,94.141,72.894,1
1785810383,404871338,100.196,1.876,102.043,74.556,1
1785810383,438186279,122.845,0.593,123.417,54.701,1
1785810383,504815186,102.344,0.72,103.041,46.252,1
1785810383,538129150,120.703,0.565,121.242,51.517,1
1785810383,604756348,93.906,0.626,94.51,39.895,1
1785810383,671382080,88.188,0.692,88.813,60.927,1
1785810383,738006592,94.659,0.632,95.294,73.08,1
1785810383,804629883,86.457,0.655,87.091,58.447,1
1785810383,871268066,87.214,0.554,87.744,67.293,1
1785810383,937919922,87.35,0.647,87.975,66.881,1
1785810384,4570557,86.974,0.546,87.498,66.175,1
1785810384,71219971,87.178,0.556,87.71,66.861,1
1785810384,137868164,87.69,0.554,88.219,67.158,1
1785810384,204515137,87.121,0.567,87.664,66.091,1
1785810384,271161133,90.493,0.725,91.196,70.175,1
1785810384,337805908,100.998,0.603,101.577,77.029,1
1785810384,404449463,101.449,0.657,102.081,67.144,1
1785810384,437770996,124.097,0.742,124.815,56.06,1
1785810384,504412842,92.75,0.575,93.301,35.126,1
1785810384,571053467,88.719,0.556,89.252,62.593,1
1785810384,637693115,88.049,0.692,88.736,66.102,1
1785810384,704331543,87.242,0.611,87.791,65.715,1
1785810384,770968750,99.579,0.612,100.145,78.991,1
1785810384,804287109,113.97,0.576,114.524,47.698,1
1785810384,837623291,136.553,0.673,137.197,56.006,1
1785810384,904261963,116.553,0.76,117.293,46.732,1
1785810384,937580811,126.191,0.633,126.802,42.834,1
1785810385,37535400,88.49,0.573,89.041,62.194,1
1785810385,104170166,86.682,0.545,87.202,64.796,1
1785810385,170803467,87.505,0.639,88.124,67.553,1
1785810385,237435303,87.024,0.62,87.623,66.131,1
1785810385,304065918,87.763,0.644,88.387,67.394,1
1785810385,370695068,91.331,0.626,91.935,70.178,1
1785810385,437322998,90.026,0.687,90.688,65.381,1
1785810385,503949463,87.32,0.594,87.894,63.833,1
1785810385,570574707,87.172,0.548,87.711,66.429,1
1785810385,637198486,88.324,0.713,89.017,67.939,1
1785810385,703821045,88.585,0.658,89.223,66.831,1
1785810385,770442139,91.641,0.601,92.222,69.62,1
1785810385,837061768,88.707,0.55,89.238,63.636,1
1785810385,903785156,88.234,0.627,88.8,66.285,1
1785810385,970509277,89.483,0.668,90.128,68.053,1
1785810386,37234131,88.38,0.614,88.975,65.571,1
1785810386,103960205,88.057,0.694,88.731,66.483,1
1785810386,170687012,93.171,0.648,93.799,71.795,1
1785810386,237414551,87.766,0.599,88.344,61.273,1
1785810386,304143311,92.059,0.659,92.693,71.076,1
1785810386,370872803,90.964,0.678,91.622,65.658,1
1785810386,437603027,89.03,0.602,89.609,64.72,1
1785810386,504334473,87.574,0.593,88.144,65.266,1
1785810386,571066650,88.151,0.812,88.945,67.53,1
1785810386,637799561,88.344,0.836,89.159,66.947,1
1785810386,704533691,87.461,0.611,88.051,65.629,1
1785810386,771268555,89.54,0.558,90.076,68.76,1
1785810386,838003662,90.198,0.586,90.759,67.419,1
1785810386,904809570,87.62,0.563,88.146,64.193,1
1785810386,971616211,90.99,0.607,91.574,70.234,1
1785810387,38423828,87.722,0.845,88.551,63.777,1
1785810387,105232178,86.961,0.562,87.502,65.766,1
1785810387,172041504,91.404,0.575,91.958,71.266,1
1785810387,238851563,87.113,0.678,87.765,62.617,1
1785810387,305662598,87.711,0.761,88.452,67.495,1
1785810387,372474609,95.752,0.833,96.567,74.922,1
1785810387,439287354,87.973,0.738,88.686,58.938,1
1785810387,506100830,86.979,0.869,87.83,65.955,1
1785810387,572915527,86.938,0.672,87.526,66.515,1
1785810387,639730713,86.978,0.803,87.76,67.043,1
1785810387,706547119,86.695,0.772,87.445,66.503,1
1785810387,773364258,89.342,0.559,89.879,69.255,1
1785810387,840180664,85.987,0.591,86.552,63.489,1
1785810387,906970947,85.805,0.563,86.346,66.584,1
1785810387,973761963,87.341,0.578,87.898,68.343,1
1785810388,40553223,86.171,0.783,86.932,65.824,1
1785810388,107345459,86.367,0.669,86.961,66.822,1
1785810388,174138184,88.596,0.556,89.131,68.963,1
1785810388,240931396,85.876,0.672,86.528,64.188,1
1785810388,307725342,89.975,0.749,90.705,70.968,1
1785810388,374519775,88.546,0.635,89.157,65.25,1
1785810388,441314941,88.804,0.626,89.406,67.045,1
1785810388,508110596,87.403,0.572,87.952,65.343,1
1785810388,574906982,85.172,0.671,85.82,64.662,1
1785810388,641703857,86.058,0.604,86.641,67.616,1
1785810388,708501221,85.45,0.717,86.144,66.302,1
1785810388,775299561,89.128,0.57,89.675,70.331,1
1785810388,842096924,86.962,0.695,87.637,64.758,1
1785810388,908981689,85.09,0.636,85.705,64.953,1
1785810388,975869385,85.492,0.685,86.154,67.338,1
1785810389,42759766,84.801,0.62,85.346,66.082,1
1785810389,109653320,84.86,0.642,85.482,67.028,1
1785810389,176549561,83.97,0.617,84.563,65.979,1
1785810389,243448730,84.88,0.78,85.637,67.972,1
1785810389,310351074,88.542,0.569,89.086,70.352,1
1785810389,377256104,85.693,0.557,86.229,64.046,1
1785810389,444164063,83.727,0.69,84.435,65.075,1
1785810389,511074951,85.152,0.673,85.803,68.318,1
1785810389,577988770,82.209,0.782,82.964,64.075,1
1785810389,644905518,83.866,0.939,84.694,68.643,1
1785810389,711825195,83.504,0.702,84.181,66.411,1
1785810389,778747803,84.863,0.626,85.403,68.147,1
1785810389,845670654,82.402,0.576,82.954,64.473,1
1785810389,912380127,81.805,0.64,82.423,66.178,1
1785810389,979090088,83.833,0.571,84.378,68.665,1
1785810390,45800781,83.299,0.595,83.869,66.201,1
1785810390,112512207,82.435,0.695,83.108,65.951,1
1785810390,179224365,82.713,0.665,83.352,66.956,1
1785810390,245937012,82.225,0.756,82.959,66.32,1
1785810390,312650391,84.943,0.801,85.722,69.475,1
1785810390,379364502,87.992,0.811,88.775,69.762,1
1785810390,446079346,82.727,0.7,83.407,61.353,1
1785810390,512794678,84.701,0.564,85.243,68.552,1
1785810390,579510742,82.531,0.625,83.134,64.608,1
1785810390,646227539,83.284,0.807,83.955,67.536,1
1785810390,712945068,82.062,0.54,82.59,65.343,1
1785810390,779663330,82.331,0.809,82.954,67.094,1
1785810390,846382080,82.441,0.777,83.244,66.957,1
1785810390,913019287,82.06,0.769,82.805,66.247,1
1785810390,979655029,86.865,1.372,88.229,72.045,1
1785810391,46289551,82.917,0.584,83.474,61.896,1
1785810391,112922607,82.468,0.58,83.023,66.182,1
1785810391,179554199,83.578,0.601,84.156,67.764,1
1785810391,246184570,83.613,0.735,84.326,66.8,1
1785810391,312813232,90.798,0.63,91.411,73.708,1
1785810391,379440918,88.536,0.969,89.487,64.696,1
1785810391,446067139,83.544,0.653,84.173,61.326,1
1785810391,512691895,85.469,0.769,86.215,68.666,1
1785810391,579315186,83.425,0.674,84.071,64.48,1
1785810391,645937256,84.291,0.817,85.081,67.629,1
1785810391,712557861,83.799,0.654,84.471,65.973,1
1785810391,779177246,83.561,0.739,84.204,66.394,1
1785810391,845796143,83.616,0.734,84.325,66.739,1
1785810391,912516602,83.786,0.571,84.334,66.731,1
1785810391,979238037,84.339,0.752,85.022,67.407,1
1785810392,45959961,84.164,0.771,84.917,66.616,1
1785810392,112682861,85.366,0.634,85.977,67.785,1
1785810392,212769043,85.943,0.642,86.561,100.67,1
1785810392,279493896,83.602,0.57,84.148,64.312,1
1785810392,346219727,87.737,0.829,88.545,71.116,1
1785810392,412946533,86.361,0.642,86.98,65.168,1
1785810392,479674072,83.425,0.557,83.957,63.706,1
1785810392,546402344,85.088,0.608,85.675,68.445,1
1785810392,613131592,84.912,0.563,85.454,66.509,1
1785810392,679861572,85.906,0.589,86.566,67.748,1
1785810392,746592529,86.16,2.375,88.526,68.769,1
1785810392,813324219,83.456,0.542,83.977,62.199,1
1785810392,880016357,83.36,0.636,83.975,66.69,1
1785810392,946667236,87.164,0.548,87.692,70.367,1
1785810393,13317383,85.386,0.547,85.912,64.871,1
1785810393,79966064,84.02,0.555,84.552,65.289,1
1785810393,146613770,83.493,0.561,84.032,66.127,1
1785810393,213260498,84.045,0.829,84.839,67.448,1
1785810393,279906006,85.643,0.553,86.171,67.984,1
1785810393,346550293,90.336,0.684,90.999,71.469,1
1785810393,413193604,88.322,0.713,89.018,64.659,1
1785810393,479835938,83.868,0.544,84.389,62.021,1
1785810393,546477051,85.5,0.652,86.13,68.381,1
1785810393,613116943,85.505,0.543,86.027,66.537,1
1785810393,679755859,89.55,0.617,90.143,70.753,1
1785810393,746393555,89.862,0.597,90.437,66.933,1
1785810393,813030029,85.901,0.681,86.56,62.76,1
1785810393,879674805,84.508,0.701,85.186,65.271,1
1785810393,946325928,86.518,0.556,87.053,68.518,1
1785810394,12975586,85.632,0.619,86.16,65.758,1
1785810394,79624268,86.529,0.604,87.112,67.599,1
1785810394,146271973,87.529,0.644,88.152,67.687,1
1785810394,212918457,90.475,0.606,91.061,69.557,1
1785810394,279563721,85.327,0.566,85.872,61.455,1
1785810394,346208008,88.378,0.601,88.956,69.727,1
1785810394,412851074,87.776,0.55,88.305,65.994,1
1785810394,479492920,85.341,0.545,85.86,64.197,1
1785810394,546133789,87.414,0.588,87.979,68.76,1
1785810394,612773682,86.901,0.52,87.4,66.06,1
1785810394,679412109,90.997,0.707,91.682,70.919,1
1785810394,746049805,86.523,1.186,87.691,62.644,1
1785810394,812686035,87.468,0.567,88.014,66.964,1
1785810394,879373291,86.271,0.617,86.866,65.539,1
1785810394,946111572,87.697,0.558,88.233,68.106,1
1785810395,12850830,85.83,0.737,86.549,65.052,1
1785810395,79591309,87.025,0.546,87.548,67.743,1
1785810395,146333008,90.545,0.55,91.081,70.262,1
1785810395,213075928,86.962,0.568,87.503,63.177,1
1785810395,279819824,89.137,0.578,89.687,68.928,1
1785810395,346565186,91.663,0.642,92.281,69.338,1
1785810395,413311523,86.77,0.563,87.311,61.777,1
1785810395,480058838,86.594,0.546,87.118,66.555,1
1785810395,546807617,88.29,0.566,88.834,68.464,1
1785810395,613557373,85.086,0.54,85.604,63.52,1
1785810395,680308350,86.507,0.61,87.096,68.241,1
1785810395,747060547,90.797,0.617,91.392,71.047,1
1785810395,813813965,86.844,0.55,87.482,62.734,1
1785810395,880524170,86.273,0.551,86.8,66.139,1
1785810395,947191162,88.294,0.573,88.842,68.708,1
1785810396,13857178,85.043,0.561,85.581,63.406,1
1785810396,80522217,86.613,0.559,87.148,68.231,1
1785810396,147186523,87.631,0.551,88.16,67.676,1
1785810396,213850098,87.53,0.627,88.135,66.636,1
1785810396,280512695,85.296,0.552,85.822,64.354,1
1785810396,347174316,90.726,0.59,91.293,72.131,1
1785810396,413835449,87.893,0.548,88.42,63.789,1
1785810396,480495361,86.271,0.617,86.867,65.106,1
1785810396,547154785,87.484,0.584,88.047,67.838,1
1785810396,580484131,99.029,0.613,99.616,44.899,1
1785810396,647142090,86.841,0.656,87.479,54.517,1
1785810396,713799072,86.129,0.612,86.72,65.903,1
1785810396,780455566,90.76,0.669,91.405,71.338,1
1785810396,847111572,86.703,0.793,87.482,62.729,1
1785810396,913780518,86.174,0.622,86.774,65.968,1
1785810396,980448486,86.31,0.622,86.908,66.802,1
1785810397,47115967,86.498,0.569,87.041,66.802,1
1785810397,113782227,86.303,0.792,87.073,66.696,1
1785810397,180447998,92.036,0.549,92.563,72.159,1
1785810397,247112793,86.907,0.746,87.639,61.733,1
1785810397,313776611,90.29,3.047,93.344,72.345,1
1785810397,380439697,88.761,0.842,89.576,62.919,1
1785810397,447102051,87.099,0.719,87.799,64.887,1
1785810397,513763672,86.23,0.779,86.988,65.855,1
1785810397,580424316,92.539,1.024,93.564,73.206,1
1785810397,613754395,100.837,0.79,101.598,41.394,1
1785810397,680413818,87.387,0.651,88.016,53.08,1
1785810397,747072510,88.629,0.886,89.498,68.129,1
1785810397,813730225,90.668,0.558,91.2,68.37,1
1785810397,880393311,88.144,0.54,88.662,64.126,1
1785810397,947060547,88.415,0.572,88.963,66.967,1
1785810398,13727051,86.783,0.555,87.317,65.021,1
1785810398,80392578,86.825,0.611,87.415,66.763,1
1785810398,147057373,88.668,0.545,89.19,68.441,1
1785810398,213721191,89.034,0.545,89.575,67.03,1
1785810398,280384277,87.786,0.621,88.387,65.492,1
1785810398,347046631,89.28,0.556,89.813,68.089,1
1785810398,413708008,99.629,0.622,100.224,77.072,1
1785810398,447038330,114.659,0.561,115.195,48.302,1
1785810398,513698486,93.045,0.664,93.687,45.148,1
1785810398,580357910,88.231,1.298,89.059,62.025,1
1785810398,613687256,107.304,0.664,107.949,52.228,1
1785810398,680345215,90.851,0.567,91.395,50.106,1
1785810398,747002441,92.894,0.556,93.428,68.689,1
1785810398,813658936,88.698,0.609,89.281,62.509,1
1785810398,880336670,89.146,0.563,89.688,67.087,1
1785810398,947161377,89.391,0.56,89.917,67.053,1
1785810399,13987305,88.607,0.558,89.139,66.048,1
1785810399,80814453,88.458,0.56,88.996,66.684,1
1785810399,147642822,87.134,0.589,87.701,65.533,1
1785810399,214472412,88.204,0.548,88.727,67.856,1
1785810399,281302979,90.647,0.552,91.178,69.28,1
1785810399,348134766,97.648,0.568,98.194,73.848,1
1785810399,414967773,87.995,0.568,88.541,57.181,1
1785810399,481802002,90.944,0.631,91.554,69.847,1
1785810399,548637451,85.952,0.548,86.476,61.759,1
1785810399,615474121,91.896,0.549,92.424,72.784,1
1785810399,682311768,86.014,0.609,86.601,61.015,1
1785810399,749150635,91.62,0.726,92.323,72.56,1
1785810399,815990723,87.99,0.559,88.528,63.046,1
1785810399,882830322,89.671,0.642,90.292,68.604,1
1785810399,949646973,90.045,0.577,90.6,67.124,1
1785810400,16464844,87.159,0.544,87.68,63.899,1
1785810400,83283691,85.616,0.577,86.171,65.309,1
1785810400,150103516,87.945,0.656,88.581,69.229,1
1785810400,216924561,90.598,0.552,91.127,69.367,1
1785810400,283746582,86.721,0.555,87.254,62.951,1
1785810400,350569824,88.679,0.611,89.267,68.833,1
1785810400,417394287,87.648,0.635,88.261,65.82,1
1785810400,484219482,86.651,0.546,87.176,65.741,1
1785810400,551046143,85.761,0.544,86.283,65.935,1
1785810400,617873779,85.185,0.663,85.827,66.37,1
1785810400,651287842,98.929,0.779,99.684,47.269,1
1785810400,718117188,85.019,0.81,85.808,52.949,1
1785810400,784947510,86.625,0.892,87.487,68.517,1
1785810400,851778809,93.11,0.721,93.817,73.151,1
1785810400,918538330,84.75,0.711,85.448,58.39,1
1785810400,985334229,87.595,0.636,88.208,69.565,1
1785810401,52130859,87.431,0.637,88.043,66.632,1
1785810401,118927979,86.183,1.535,87.708,66.452,1
1785810401,185725830,86.953,0.596,87.521,66.622,1
1785810401,252524414,84.961,0.865,85.813,65.078,1
1785810401,319323730,86.93,0.691,87.6,68.598,1
1785810401,386123535,87.333,0.656,87.97,67.169,1
1785810401,452924316,84.399,0.817,85.08,63.906,1
1785810401,519725586,85.18,0.621,85.777,67.505,1
1785810401,586527344,84.897,0.581,85.452,66.477,1
1785810401,653330078,85.737,0.587,86.301,67.651,1
1785810401,720133301,85.73,0.62,86.331,66.83,1
1785810401,786937256,88.249,0.696,88.928,69.397,1
1785810401,853741943,85.6,0.763,86.343,64.226,1
1785810401,920547119,84.898,0.561,85.434,65.897,1
1785810401,987327393,84.935,0.656,85.57,66.913,1
1785810402,54107666,84.283,0.695,84.951,66.164,1
1785810402,120888672,84.337,0.65,84.963,66.794,1
1785810402,187669922,87.019,0.751,87.745,69.562,1
1785810402,254451660,86.968,3.103,90.059,69.082,1
1785810402,321233643,86.764,0.727,87.474,64.205,1
1785810402,388016113,84.521,0.947,85.454,64.758,1
1785810402,454798828,83.23,0.727,83.932,65.263,1
1785810402,521582031,83.006,0.917,83.902,66.758,1
1785810402,588365723,84.213,0.55,84.738,67.623,1
1785810402,655149658,84.757,0.881,85.492,67.535,1
1785810402,721934082,83.394,0.604,83.946,65.242,1
1785810402,788718750,83.948,0.61,84.529,67.367,1
1785810402,855503906,85.342,0.538,85.86,68.116,1
1785810402,922288574,86.057,0.634,86.675,67.596,1
1785810402,989137207,84.404,0.632,85.001,65.179,1
1785810403,55988037,82.225,0.811,83.008,64.857,1
1785810403,122841309,81.755,0.911,82.643,66.488,1
1785810403,189696777,83.112,0.646,83.735,67.947,1
1785810403,256554443,82.897,0.711,83.589,66.71,1
1785810403,323414795,83.166,0.561,83.705,66.98,1
1785810403,390277344,86.985,0.558,87.522,70.681,1
1785810403,457142090,86.673,0.613,87.421,66.605,1
1785810403,524009277,81.904,0.573,82.453,62.057,1
1785810403,590878906,81.92,0.629,82.526,66.942,1
1785810403,657750732,83.75,0.548,84.277,68.623,1
1785810403,724625000,86.19,0.555,86.725,69.322,1
1785810403,791501465,82.595,0.632,83.207,63.357,1
1785810403,858380371,83.77,0.595,84.342,68.014,1
1785810403,925260010,87.78,0.638,88.398,70.935,1
1785810403,992109131,83.507,0.85,84.341,62.788,1
1785810404,58960449,80.515,0.557,81.05,63.566,1
1785810404,125813965,80.664,1.018,81.673,67.462,1
1785810404,192670166,80.368,0.792,81.137,66.332,1
1785810404,259528564,82.448,0.781,83.213,68.932,1
1785810404,326389160,88.533,0.658,89.171,72.819,1
1785810404,393252197,81.829,0.568,82.375,60.071,1
1785810404,460117676,79.793,0.695,80.464,64.952,1
1785810404,526985352,79.091,0.876,79.942,66.343,1
1785810404,593855225,79.651,0.692,80.318,67.251,1
1785810404,660727783,82.103,0.572,82.652,69.206,1
1785810404,694164795,93.955,0.966,94.908,45.675,1
1785810404,761040771,85.118,0.598,85.694,57.679,1
1785810404,827918945,81.404,0.555,81.939,63.124,1
1785810404,894799561,78.882,0.577,79.436,64.377,1
1785810404,961618408,78.809,0.596,79.348,66.732,1
1785810405,28478760,78.596,0.554,79.13,66.641,1
1785810405,95341553,78.784,0.561,79.324,67.058,1
1785810405,162207275,80.67,0.549,81.232,68.739,1
1785810405,229075439,81.608,0.542,82.129,67.8,1
1785810405,295946289,79.19,0.718,79.889,64.627,1
1785810405,362819824,84.181,0.572,84.733,71.72,1
1785810405,429695801,79.961,0.663,80.603,62.746,1
1785810405,496574707,77.131,0.586,77.695,63.971,1
1785810405,563456055,76.365,0.64,76.986,66.171,1
1785810405,630340088,76.639,0.765,77.302,67.201,1
1785810405,697226807,81.547,1.303,82.829,72.413,1
1785810405,764116211,76.963,0.738,77.679,61.738,1
1785810405,831008301,75.746,0.623,76.348,65.564,1
1785810405,897902832,78.358,0.655,78.991,69.538,1
1785810405,964798584,76.66,0.585,77.224,65.128,1
1785810406,31404297,76.29,0.538,76.807,66.189,1
1785810406,98008057,75.49,0.703,76.173,65.969,1
1785810406,164609863,77.14,0.543,77.663,68.092,1
1785810406,231209961,76.547,0.53,77.057,65.994,1
1785810406,297807861,82.45,0.557,82.985,72.526,1
1785810406,364404053,81.769,0.626,82.377,65.985,1
1785810406,430998047,78.547,0.555,79.079,63.298,1
1785810406,497590332,76.47,0.567,77.015,64.528,1
1785810406,564180908,77.049,0.566,77.591,67.167,1
1785810406,630769287,78.755,0.562,79.296,68.293,1
1785810406,697355713,82.226,0.603,82.806,70.093,1
1785810406,730648438,94.152,0.559,94.689,45.179,1
1785810406,797231934,85.438,0.553,85.97,57.865,1
1785810406,863813721,79.078,0.59,79.649,60.26,1
1785810406,930393555,80.653,0.666,81.301,68.227,1
1785810406,996988770,80.363,0.615,80.958,66.256,1
1785810407,63594971,78.236,0.584,78.802,64.448,1
1785810407,130199463,79.269,0.598,79.85,67.653,1
1785810407,196801758,85.065,0.541,85.584,72.34,1
1785810407,263402344,79.606,0.642,80.229,61.241,1
1785810407,330000977,90.426,0.746,91.149,77.52,1
1785810407,363299561,116.972,0.594,117.545,59.695,1
1785810407,429895508,86.638,0.547,87.163,36.216,1
1785810407,496489258,83.517,0.655,84.152,63.582,1
1785810407,563081299,78.58,0.55,79.108,61.548,1
1785810407,629671387,81.23,0.621,81.827,69.309,1
1785810407,696259766,82.876,0.722,83.577,68.335,1
1785810407,729553223,95.999,0.653,96.631,46.345,1
1785810407,829430420,78.723,0.628,79.331,82.582,1
1785810407,896013184,82.958,0.561,83.497,70.749,1
1785810407,962595947,84.284,0.596,84.859,67.943,1
1785810408,29204346,84.871,0.56,85.412,67.162,1
1785810408,95810791,82.075,0.538,82.592,63.787,1
1785810408,162415527,80.014,0.566,80.559,64.571,1
1785810408,229018555,80.2,0.573,80.752,66.795,1
1785810408,295619385,81.6,0.779,82.36,68.209,1
1785810408,362218506,86.476,0.583,87.036,71.275,1
1785810408,428815674,94.442,0.817,95.24,74.796,1
1785810408,462113525,109.377,0.782,109.995,48.057,1
1785810408,495411133,119.18,0.649,119.808,43.111,1
1785810408,562004639,86.013,0.711,86.704,33.49,1
1785810408,628596191,86.027,0.677,86.702,66.57,1
1785810408,695185791,81.721,0.652,82.352,62.259,1
1785810408,761773682,83.254,0.723,83.957,68.191,1
1785810408,828359619,82.542,0.554,83.076,65.706,1
1785810408,894943848,81.191,0.562,81.731,65.241,1
1785810408,961527832,83.679,0.557,84.214,69.067,1
1785810409,28135742,83.375,0.729,83.97,66.362,1
1785810409,94741699,84.814,0.616,85.41,68.047,1
1785810409,161345947,80.698,0.555,81.232,62.427,1
1785810409,227948242,83.169,0.576,83.725,69.095,1
1785810409,294548584,83.46,0.666,84.106,66.98,1
1785810409,361146973,89.193,0.608,89.78,72.273,1
1785810409,427743652,85.32,0.675,85.974,62.792,1
1785810409,494338379,82.697,0.561,83.238,63.858,1
1785810409,560931152,81.977,0.633,82.589,65.945,1
1785810409,627521973,82.129,0.619,82.727,66.729,1
1785810409,694111084,83.471,0.538,83.988,67.85,1
1785810409,760698242,89.485,0.618,90.082,72.679,1
1785810409,827283447,83.588,0.582,84.149,60.651,1
1785810409,893866943,82.612,0.632,83.223,65.66,1
1785810409,960450195,84.017,0.739,84.612,67.973,1
1785810410,27057617,84.575,0.588,85.141,67.135,1
1785810410,93663330,84.178,0.555,84.712,66.178,1
1785810410,160267090,85.622,0.542,86.143,68.035,1
1785810410,226868896,88.056,0.557,88.591,69.05,1
1785810410,293468994,89.126,0.66,89.764,67.772,1
1785810410,360066895,89.258,0.637,89.874,66.708,1
1785810410,426663086,88.571,0.553,89.104,65.826,1
1785810410,493257568,86.857,0.652,87.489,64.979,1
1785810410,559849854,85.125,0.561,85.664,64.768,1
1785810410,626440430,84.577,0.605,85.159,66.086,1
1785810410,693029053,85.216,0.599,85.789,67.219,1
1785810410,759615967,85.709,0.803,86.464,67.259,1
1785810410,826200684,84.88,0.56,85.419,65.543,1
1785810410,892783691,86.98,0.558,87.516,68.68,1
1785810410,959366211,86.233,0.68,86.894,65.96,1
1785810411,25975830,86.958,0.752,87.693,67.405,1
1785810411,92583740,85.855,0.54,86.374,65.294,1
1785810411,159189453,85.642,0.668,86.289,66.52,1
1785810411,225793457,88.293,0.557,88.828,69.144,1
1785810411,292395752,92.537,0.802,93.321,71.091,1
1785810411,358995850,89.562,0.545,90.086,63.369,1
1785810411,425594238,91.032,0.809,91.822,68.329,1
1785810411,492190918,87.025,0.664,87.567,62.347,1
1785810411,558785645,89.159,0.698,89.839,68.865,1
1785810411,625378418,85.971,0.668,86.551,63.307,1
1785810411,691969238,87.63,0.625,88.235,68.274,1
1785810411,758558350,88.573,0.568,89.119,67.474,1
1785810411,825145752,87.539,0.543,88.06,65.528,1
1785810411,891730957,87.799,0.534,88.313,66.838,1
1785810411,958315918,87.499,0.539,88.016,66.288,1
1785810412,24923828,88.317,0.695,88.992,67.582,1
1785810412,91529785,91.813,0.54,92.332,69.947,1
1785810412,158133789,88.276,0.65,88.907,63.178,1
1785810412,224736084,90.054,0.534,90.566,68.262,1
1785810412,291336426,92.443,0.65,93.073,69.105,1
1785810412,357934814,93.342,0.62,93.941,67.468,1
1785810412,424531250,90.888,0.594,91.463,64.118,1
1785810412,491125977,88.61,0.656,89.245,64.377,1
1785810412,557718750,87.576,0.569,88.121,65.469,1
1785810412,624309570,89.253,0.626,89.858,68.328,1
1785810412,690898438,89.228,0.641,89.85,66.581,1
1785810412,757485596,89.543,0.652,90.171,66.91,1
1785810412,824070801,90.531,0.54,91.049,67.463,1
1785810412,890654053,92.179,0.623,92.707,68.24,1
1785810412,957249023,90.936,0.555,91.467,65.356,1
1785810413,23855713,87.565,0.608,88.14,63.279,1
1785810413,90460449,89.99,0.688,90.661,69.121,1
1785810413,157063232,89.359,0.546,89.883,65.831,1
1785810413,223664063,89.629,0.555,90.163,66.88,1
1785810413,290263184,91.58,0.58,92.135,68.57,1
1785810413,356860107,97.29,0.709,97.977,72.437,1
1785810413,423455322,99.542,0.792,100.317,68.931,1
1785810413,490048584,104.652,0.643,105.266,71.546,1
1785810413,556639893,94.409,0.558,94.943,56.272,1
1785810413,623229248,90.458,0.542,90.975,62.622,1
1785810413,689816650,90.198,0.974,90.85,66.457,1
1785810413,723109619,101.76,0.583,102.319,44.764,1
1785810413,789694336,95.801,0.569,96.346,60.613,1
1785810413,856277100,93.504,0.519,94.001,64.239,1
1785810413,922858887,90.568,0.555,91.086,63.667,1
1785810413,989467529,96.723,0.582,97.28,72.802,1
1785810414,22771240,110.905,0.695,111.579,47.597,1
1785810414,89376953,95.458,0.551,95.983,51.016,1
1785810414,155980957,90.849,0.543,91.367,61.989,1
1785810414,222583008,90.524,0.566,91.069,66.303,1
1785810414,289183350,91.612,0.543,92.135,67.667,1
1785810414,355781494,94.281,0.619,94.876,69.339,1
1785810414,422377930,91.594,0.557,92.13,63.851,1
1785810414,488972656,94.694,0.549,95.221,69.686,1
1785810414,555565186,93.671,0.55,94.2,65.571,1
1785810414,622156006,101.382,0.63,101.98,74.367,1
1785810414,688744873,121.226,0.627,121.836,86.442,1
1785810414,722038574,176.912,0.794,177.687,89.14,1
1785810414,821916992,128.179,0.655,128.812,51.011,1
1785810414,888500244,114.262,0.762,115.0,52.768,1
1785810414,921791992,124.531,0.613,125.126,43.419,1
1785810414,955117676,135.863,0.582,136.428,44.629,1
1785810415,21872559,116.439,0.669,117.089,47.414,1
1785810415,55309082,128.522,0.635,129.137,45.488,1
1785810415,122183838,105.169,0.66,105.807,43.546,1
1785810415,189061523,99.604,0.612,100.162,61.233,1
1785810415,255941650,90.751,0.54,91.269,57.987,1
1785810415,322824463,91.933,0.533,92.446,68.061,1
1785810415,389710205,93.24,0.538,93.757,68.196,1
1785810415,456598389,91.691,0.604,92.274,65.405,1
1785810415,523489258,92.963,0.553,93.495,68.112,1
1785810415,590382813,89.869,0.704,90.554,63.951,1
1785810415,657279053,91.232,0.534,91.745,68.088,1
1785810415,724177979,91.643,0.633,92.257,67.41,1
1785810415,791079590,92.056,0.595,92.627,67.273,1
1785810415,857983887,91.068,0.924,91.97,66.243,1
1785810415,924890625,94.178,0.662,94.816,69.755,1
1785810415,991803223,91.117,0.627,91.723,63.822,1
1785810416,58548340,90.388,0.555,90.923,65.944,1
1785810416,125294434,89.747,0.56,90.287,66.111,1
1785810416,192041504,89.704,0.543,90.225,66.685,1
1785810416,258789551,90.003,0.544,90.527,67.05,1
1785810416,325538818,90.544,0.641,91.166,67.388,1
1785810416,392289063,92.313,0.64,92.932,68.517,1
1785810416,459040283,88.933,0.634,89.546,63.365,1
1785810416,525792480,89.977,0.789,90.742,67.946,1
1785810416,592545898,90.306,0.557,90.836,66.849,1
1785810416,659300293,89.814,0.601,90.389,66.307,1
1785810416,726055664,91.649,0.568,92.19,68.556,1
1785810416,759433594,117.235,0.681,117.893,59.076,1
1785810416,826190674,97.99,0.558,98.525,47.395,1
1785810416,892948730,89.383,0.558,89.915,58.148,1
1785810416,959707764,91.847,0.54,92.365,69.208,1
1785810417,26439697,91.675,0.553,92.205,66.573,1
1785810417,93143799,92.5,0.544,93.024,67.522,1
1785810417,159848389,90.205,0.572,90.756,64.436,1
1785810417,226553711,92.58,0.712,93.273,69.219,1
1785810417,293259277,88.465,0.565,89.008,62.445,1
1785810417,359965576,88.266,0.559,88.805,66.502,1
1785810417,426672363,91.009,0.534,91.521,69.424,1
1785810417,493379883,88.242,0.847,89.071,64.25,1
1785810417,560087891,89.269,0.556,89.805,67.448,1
1785810417,626796387,90.214,0.763,90.957,67.858,1
1785810417,693505371,90.351,0.77,91.101,66.853,1
1785810417,760215088,95.925,0.805,96.713,72.318,1
1785810417,793570068,125.052,0.554,125.585,62.233,1
1785810417,860280518,97.764,0.682,98.425,39.55,1
1785810417,926991455,94.372,0.882,95.232,63.517,1
1785810417,993703125,91.668,0.599,92.248,63.73,1
1785810418,60421631,90.297,0.613,90.891,65.36,1
1785810418,127141113,88.973,0.565,89.517,65.347,1
1785810418,193861572,88.764,0.564,89.303,66.507,1
1785810418,260582520,90.396,0.568,90.962,68.359,1
1785810418,327304443,89.147,0.554,89.68,65.46,1
1785810418,394027344,91.611,0.538,92.128,69.172,1
1785810418,460750732,90.945,0.55,91.472,66.067,1
1785810418,527475098,92.015,0.553,92.546,67.798,1
1785810418,594200439,90.854,0.567,91.4,65.579,1
1785810418,660926270,88.311,0.565,88.856,64.181,1
1785810418,727653076,90.978,0.54,91.496,69.367,1
1785810418,794380615,92.682,0.778,93.357,68.587,1
1785810418,827744873,109.818,0.741,110.522,50.526,1
1785810418,894473633,93.547,0.616,94.142,50.354,1
1785810418,961203369,89.485,0.544,90.008,62.596,1
1785810419,27934814,89.622,0.559,90.144,66.868,1
1785810419,94668213,88.481,0.685,89.147,65.735,1
1785810419,161402832,90.336,0.544,90.856,68.445,1
1785810419,228138428,88.343,0.561,88.882,64.761,1
1785810419,294875000,90.146,0.692,90.819,68.671,1
1785810419,361612793,89.32,0.538,89.835,65.757,1
1785810419,428351807,90.661,0.556,91.197,68.101,1
1785810419,495091797,89.697,0.538,90.215,65.758,1
1785810419,561832764,88.02,0.552,88.554,65.078,1
1785810419,628574707,88.764,0.557,89.3,67.491,1
1785810419,695317871,89.112,0.57,89.644,67.087,1
1785810419,762062012,95.741,0.574,96.294,73.393,1
1785810419,828807373,90.292,0.572,90.845,61.296,1
1785810419,895553711,87.865,0.632,88.463,64.365,1
1785810419,962301025,95.112,0.557,95.636,73.922,1
1785810420,29170654,87.957,0.785,88.721,59.953,1
1785810420,96157227,87.153,0.669,87.784,66.05,1
1785810420,163148193,87.558,0.659,88.196,67.403,1
1785810420,230143311,88.943,0.691,89.613,68.411,1
1785810420,297143066,90.15,0.695,90.809,68.196,1
1785810420,364146973,88.82,0.604,89.399,65.594,1
1785810420,431155273,86.614,0.561,87.155,64.764,1
1785810420,498168213,87.012,0.564,87.555,67.413,1
1785810420,565185303,86.781,0.554,87.314,66.777,1
1785810420,632206787,88.889,0.617,89.488,69.193,1
1785810420,699232666,86.574,0.539,87.092,64.632,1
1785810420,766262939,88.546,0.563,89.086,69.025,1
1785810420,833297607,84.84,0.559,85.378,63.326,1
1785810420,900336670,84.518,0.548,85.045,66.706,1
1785810420,967380127,84.138,0.535,84.652,66.651,1
1785810421,34345215,84.696,0.662,85.339,67.651,1
1785810421,101249756,84.195,0.557,84.731,66.297,1
1785810421,168157471,84.457,0.536,84.971,67.148,1
1785810421,235068604,82.892,0.712,83.585,65.524,1
1785810421,301982910,85.352,0.665,85.991,69.321,1
1785810421,368900635,82.592,0.549,83.122,64.049,1
1785810421,435821533,82.439,0.567,82.985,66.784,1
1785810421,502745850,81.914,0.716,82.61,66.548,1
1785810421,569673340,83.408,0.578,83.963,68.283,1
1785810421,636604248,81.531,0.623,82.135,65.102,1
1785810421,703538330,81.292,0.549,81.821,66.621,1
1785810421,770475830,82.538,0.598,83.114,68.23,1
1785810421,837416504,82.971,0.564,83.515,67.342,1
1785810421,904360596,82.54,0.584,83.102,66.53,1
1785810421,971307861,83.376,0.553,83.908,67.755,1
1785810422,38107178,81.639,0.715,82.335,65.225,1
1785810422,104759766,80.302,0.727,81.008,65.327,1
1785810422,171411377,80.433,0.555,80.967,66.61,1
1785810422,238061768,80.945,0.669,81.525,67.208,1
1785810422,304711182,87.309,0.617,87.905,73.027,1
1785810422,371359375,81.844,0.56,82.383,61.13,1
1785810422,471329834,81.29,0.549,81.815,99.402,1
1785810422,537975342,84.633,0.621,85.23,70.06,1
1785810422,604619873,84.304,0.554,84.836,66.25,1
1785810422,671263184,80.696,0.69,81.366,63.171,1
1785810422,737905273,81.854,0.649,82.479,67.758,1
1785810422,804546631,83.912,0.572,84.459,68.622,1
1785810422,871186523,81.867,0.559,82.405,64.586,1
1785810422,937825684,89.272,0.718,89.966,74.193,1
1785810422,971144775,112.318,0.557,112.849,56.21,1
1785810423,4464844,120.101,0.568,120.644,41.114,1
1785810423,71118652,84.928,0.847,85.755,31.763,1
1785810423,137771484,83.084,0.545,83.605,64.504,1
1785810423,204423096,85.057,0.57,85.606,68.653,1
1785810423,271073730,85.346,0.612,85.938,66.982,1
1785810423,337723389,85.017,0.654,85.651,66.363,1
1785810423,404371826,85.025,0.54,85.544,66.543,1
1785810423,471019287,87.453,0.654,88.088,69.189,1
1785810423,537665527,85.466,0.553,85.998,64.558,1
1785810423,604310791,84.588,0.563,85.127,65.774,1
1785810423,670955078,84.26,0.567,84.804,66.321,1
1785810423,737598145,85.4,0.856,86.24,68.073,1
1785810423,804239990,85.967,0.63,86.574,66.981,1
1785810423,870881104,83.072,0.536,83.588,63.656,1
1785810423,937520996,90.926,0.603,91.506,74.558,1
1785810423,970840332,114.68,0.74,115.39,57.198,1
1785810424,4160889,119.31,0.602,119.891,37.826,1
1785810424,104142090,86.579,0.542,87.099,67.191,1
1785810424,170794922,82.099,0.55,82.629,62.182,1
1785810424,237446533,83.746,0.621,84.347,68.369,1
1785810424,304097168,87.383,0.577,87.935,70.24,1
1785810424,370746826,82.979,2.362,85.324,64.032,1
1785810424,437395508,85.197,0.622,85.799,67.129,1
1785810424,504042969,83.764,0.672,84.416,65.265,1
1785810424,570689209,86.545,0.552,87.077,69.308,1
1785810424,637334717,84.106,0.563,84.633,64.202,1
1785810424,703979004,83.947,0.56,84.486,66.497,1
1785810424,770622070,95.231,0.556,95.765,77.923,1
1785810424,803943359,120.639,0.547,121.165,58.721,1
1785810424,870584961,94.3,0.72,94.863,40.338,1
1785810424,937225586,90.326,0.614,90.913,62.691,1
1785810424,970545410,109.566,0.559,110.104,52.513,1
1785810425,70676758,85.096,0.547,85.623,75.648,1
1785810425,137488281,83.862,0.559,84.4,65.591,1
1785810425,204301025,88.354,0.549,88.881,71.293,1
1785810425,271114502,83.721,0.543,84.244,62.177,1
1785810425,337928955,84.039,0.541,84.559,67.13,1
1785810425,404744385,85.903,0.545,86.427,68.683,1
1785810425,471560547,84.18,0.542,84.698,65.087,1
1785810425,538377930,86.139,0.555,86.673,68.793,1
1785810425,605196045,87.228,0.557,87.749,67.894,1
1785810425,672015137,84.34,0.631,84.949,64.019,1
1785810425,738835205,85.401,0.613,85.991,67.862,1
1785810425,805656006,87.084,0.584,87.646,68.475,1
1785810425,872478027,83.79,0.53,84.299,63.477,1
1785810425,939300781,87.783,0.593,88.355,70.876,1
1785810426,6123535,87.549,0.552,88.075,66.545,1
1785810426,139714355,174.479,0.7,175.156,220.667,1
