capture_sec,capture_nanosec,target3d_in_age_ms,target3d_compute_ms,target3d_out_age_ms,depth_vs_color_skew_ms,depth_valid
1785810078,625415527,232.534,0.619,233.036,,0
1785810078,791865234,122.873,0.468,123.249,,0
1785810078,858438721,107.288,2685.558,2792.717,57.336,1
1785810080,958738037,701.097,3.107,704.028,-2042.963,1
1785810081,25395264,655.372,2.069,657.338,556.045,1
1785810081,125453857,559.683,1.954,561.544,455.986,1
1785810081,158806641,530.472,1.847,532.241,422.633,1
1785810081,192159424,501.39,2.183,503.46,389.281,1
1785810081,258864990,439.519,2.455,441.851,322.575,1
1785810081,325570313,383.673,2.512,386.058,255.87,1
1785810081,392275879,322.68,2.579,325.144,189.164,1
1785810081,458981201,261.341,2.174,263.387,122.459,1
1785810081,525686523,199.887,2.499,202.256,55.753,1
1785810081,592391602,138.886,2.851,141.589,-10.952,1
1785810081,659096680,101.229,2.497,103.596,-77.657,1
1785810081,692449219,130.026,2.308,132.222,-111.009,1
1785810081,759154297,118.474,2.18,120.538,88.936,1
1785810081,792506836,132.792,4.408,137.067,55.583,1
1785810081,859211914,125.292,2.514,127.677,-11.122,1
1785810081,925916748,107.963,2.41,110.262,-77.826,1
1785810081,959269043,149.184,2.32,151.346,88.805,1
1785810082,25973877,136.917,4.481,141.271,22.1,1
1785810082,59315918,154.324,2.445,156.661,-11.242,1
1785810082,159341309,107.033,2.49,109.401,-44.63,1
1785810082,192682861,144.281,7.44,151.569,55.31,1
1785810082,226024170,152.641,6.242,158.764,21.969,1
1785810082,359388672,105.859,11.84,117.573,-111.396,1
1785810082,426070313,123.548,3.123,126.555,21.841,1
1785810082,492751465,93.949,2.63,96.37,21.798,1
1785810082,559432129,85.718,1.962,87.588,-44.883,1
1785810082,626112061,86.159,1.965,88.028,21.713,1
1785810082,692791748,86.098,2.046,88.05,21.671,1
1785810082,759470947,83.749,2.886,86.524,21.628,1
1785810082,826149658,84.166,2.009,86.078,21.585,1
1785810082,892827881,88.907,2.07,90.842,21.543,1
1785810082,959505615,87.038,2.164,89.041,21.5,1
1785810083,26183105,85.837,1.967,87.709,21.462,1
1785810083,93076660,83.894,1.973,85.772,21.485,1
1785810083,159973145,89.237,2.546,91.681,21.444,1
1785810083,226873047,85.18,2.23,87.302,21.402,1
1785810083,293775635,86.556,2.061,88.515,21.361,1
1785810083,360681396,84.315,2.235,86.449,-45.545,1
1785810083,427590332,83.784,2.043,85.734,21.278,1
1785810083,494502197,84.474,1.965,86.343,21.236,1
1785810083,561417236,82.289,1.974,84.168,21.194,1
1785810083,628335205,82.59,2.069,84.514,21.152,1
1785810083,695256348,82.692,2.158,84.746,21.111,1
1785810083,762180420,83.761,2.201,85.856,21.069,1
1785810083,829107666,81.425,2.021,83.335,21.028,1
1785810083,896037842,81.722,2.031,83.658,20.986,1
1785810083,962971191,81.536,2.196,83.595,20.944,1
1785810084,29905029,81.076,2.168,83.136,20.832,1
1785810084,96562256,81.537,2.204,83.595,20.772,1
1785810084,163218506,81.022,2.199,83.12,20.73,1
1785810084,229873779,83.041,2.119,85.053,20.687,1
1785810084,296527832,82.039,2.083,84.021,20.644,1
1785810084,363180664,92.808,2.522,95.177,20.601,1
1785810084,429832520,85.532,2.741,88.084,-46.051,1
1785810084,496482910,81.97,2.153,84.025,20.516,1
1785810084,563132568,81.609,1.98,83.493,20.473,1
1785810084,629780762,82.165,2.018,84.041,20.43,1
1785810084,696427979,82.145,2.024,84.03,20.387,1
1785810084,763073975,82.744,2.365,84.994,20.344,1
1785810084,829718994,90.051,2.833,92.756,20.302,1
1785810084,896362793,83.623,2.019,85.505,20.259,1
1785810084,963005371,82.299,2.045,84.25,20.217,1
1785810085,29647705,81.708,2.145,83.73,20.192,1
1785810085,96312500,81.98,2.078,83.911,20.138,1
1785810085,162976318,82.227,2.259,84.385,20.095,1
1785810085,229639160,84.736,2.293,86.785,20.052,1
1785810085,296301025,86.548,2.762,89.196,20.01,1
1785810085,362962158,90.635,2.702,93.225,-46.652,1
1785810085,429622314,84.024,2.048,85.978,-113.312,1
1785810085,496281494,83.556,2.03,85.439,19.882,1
1785810085,562939941,82.259,1.974,84.138,19.839,1
1785810085,629597412,82.206,2.055,84.126,19.796,1
1785810085,696253906,82.794,1.978,84.677,19.754,1
1785810085,762909668,86.706,3.798,90.394,19.711,1
1785810085,829564453,90.576,2.088,92.566,-46.944,1
1785810085,896218262,92.57,2.201,94.654,-113.598,1
1785810085,962871094,91.433,2.176,93.488,-180.251,1
1785810086,62872559,90.08,2.252,92.215,52.973,1
1785810086,129712402,85.331,2.14,87.371,-13.867,1
1785810086,196553955,83.728,2.16,85.775,-13.91,1
1785810086,263396973,87.349,2.275,89.517,-13.953,1
1785810086,330241699,85.607,2.69,88.184,-13.996,1
1785810086,397087891,82.857,2.022,84.78,-14.039,1
1785810086,463935791,83.502,1.982,85.373,-14.082,1
1785810086,530785156,85.434,1.99,87.328,-14.124,1
1785810086,597636230,82.753,1.985,84.642,-14.168,1
1785810086,664489014,81.891,1.974,83.77,-14.21,1
1785810086,731343262,82.498,2.165,84.474,-14.254,1
1785810086,798198975,82.147,2.255,84.293,-14.296,1
1785810086,865056396,81.318,1.977,83.202,-14.339,1
1785810086,931915283,82.734,2.083,84.675,-14.382,1
1785810086,998775879,81.226,1.974,83.105,-14.425,1
1785810087,65636230,81.174,2.28,83.254,-14.466,1
1785810087,132340332,83.631,2.048,85.531,-14.476,1
1785810087,199045166,80.996,2.023,82.923,-14.519,1
1785810087,265750488,84.824,2.254,86.974,-14.561,1
1785810087,332456543,84.174,2.129,86.208,-14.604,1
1785810087,399163086,82.0,2.092,83.952,-14.646,1
1785810087,465870361,85.469,2.013,87.381,-14.689,1
1785810087,532578125,93.748,2.698,96.239,-14.731,1
1785810087,565932129,102.148,2.557,104.543,18.58,1
1785810087,632640869,90.24,2.461,92.571,18.538,1
1785810087,699350098,86.443,2.276,88.606,18.495,1
1785810087,799415283,97.123,14.568,111.567,-14.902,1
1785810087,832770508,141.947,2.41,144.237,18.41,1
1785810087,899481445,114.935,2.978,117.805,18.369,1
1785810087,966193115,93.905,2.103,95.903,18.326,1
1785810088,32905518,82.337,2.187,84.422,18.284,1
1785810088,99590576,82.776,2.016,84.691,18.226,1
1785810088,166247070,81.988,2.065,83.946,18.184,1
1785810088,232902832,81.097,1.973,82.975,18.141,1
1785810088,299557373,86.43,2.552,88.871,-48.513,1
1785810088,366210938,81.638,2.041,83.584,18.056,1
1785810088,432863525,81.566,2.055,83.524,18.012,1
1785810088,499514893,81.297,2.014,83.219,-48.639,1
1785810088,566165527,81.554,2.0,83.459,17.927,1
1785810088,632814941,81.144,2.002,83.049,17.885,1
1785810088,699463379,86.635,2.601,89.132,17.842,1
1785810088,766110596,81.432,2.166,83.499,-48.806,1
1785810088,832757080,82.78,2.923,84.877,17.756,1
1785810088,899402344,81.581,1.964,83.45,17.714,1
1785810088,966046875,82.493,2.029,84.417,17.671,1
1785810089,32690186,82.199,2.216,84.318,17.628,1
1785810089,99341553,82.755,2.046,84.701,17.59,1
1785810089,165999512,81.758,2.044,83.66,17.548,1
1785810089,232656494,81.939,2.053,83.838,17.504,1
1785810089,299312500,85.869,2.296,88.013,17.462,1
1785810089,365967773,86.03,2.039,87.968,-49.193,1
1785810089,432621826,82.007,2.064,83.97,17.376,1
1785810089,499274658,82.558,2.196,84.652,-49.276,1
1785810089,565926758,83.664,2.018,85.584,17.291,1
1785810089,632577881,82.223,2.1,84.181,17.249,1
1785810089,699228027,83.137,2.726,85.743,17.206,1
1785810089,765877197,85.425,2.111,87.418,17.164,1
1785810089,799201172,102.577,2.292,104.748,-16.16,1
1785810089,865848877,89.976,2.437,92.303,50.402,1
1785810089,932495361,84.886,2.087,86.862,-16.245,1
1785810089,999141113,84.102,1.977,85.985,-16.288,1
1785810090,65786377,82.821,2.124,84.846,-16.33,1
1785810090,132525879,83.016,2.2,85.114,-16.396,1
1785810090,199266602,86.981,2.822,89.621,-16.438,1
1785810090,266008545,98.729,2.733,101.213,-16.481,1
1785810090,299380127,119.672,3.44,122.817,16.848,1
1785810090,366123779,97.533,2.59,99.998,16.805,1
1785810090,432868652,87.83,2.392,90.12,-49.94,1
1785810090,499614990,84.237,2.108,86.195,16.721,1
1785810090,566362305,82.88,2.537,85.256,16.679,1
1785810090,633110596,92.716,2.296,94.89,16.636,1
1785810090,699860352,86.16,2.086,88.144,16.595,1
1785810090,766611328,83.885,2.419,86.199,16.552,1
1785810090,833363525,82.136,1.988,84.01,16.51,1
1785810090,900116699,83.406,2.136,85.429,16.468,1
1785810090,966871094,82.422,1.998,84.323,16.426,1
1785810091,33626709,82.833,2.051,84.73,16.384,1
1785810091,100460938,89.005,2.394,91.238,16.379,1
1785810091,167376221,85.77,2.556,88.165,16.338,1
1785810091,234295166,82.154,2.205,84.204,16.296,1
1785810091,301217529,83.418,4.22,87.522,16.255,1
1785810091,368143311,83.964,2.072,85.934,16.212,1
1785810091,435072754,81.847,2.112,83.819,16.171,1
1785810091,502005615,81.797,2.036,83.735,-50.762,1
1785810091,568941895,81.012,2.18,83.086,16.088,1
1785810091,635881836,83.137,2.062,85.099,16.045,1
1785810091,702825195,81.243,2.532,83.671,16.004,1
1785810091,769772217,79.827,2.252,81.936,15.961,1
1785810091,836722412,79.891,2.346,82.088,15.92,1
1785810091,903676270,79.942,2.908,82.688,15.878,1
1785810091,970633789,82.376,2.075,84.344,15.837,1
1785810092,37594727,82.981,2.593,85.473,-51.124,1
1785810092,104407471,79.709,2.27,81.878,-117.937,1
1785810092,171074463,80.978,2.076,82.946,15.64,1
1785810092,237740479,85.759,2.622,88.26,15.597,1
1785810092,304405762,89.828,2.374,92.087,15.555,1
1785810092,371070068,83.974,2.074,85.949,-51.109,1
1785810092,437733643,79.122,2.363,81.382,15.47,1
1785810092,504396484,79.905,2.211,82.013,15.427,1
1785810092,571058350,84.864,5.184,89.819,15.385,1
1785810092,637719482,86.09,5.569,91.535,15.341,1
1785810092,704379639,98.701,2.813,101.394,-51.319,1
1785810092,737709473,142.865,2.317,145.058,-84.649,1
1785810092,804368408,129.961,4.712,134.527,-151.308,1
1785810092,871026611,116.227,6.07,122.166,-217.966,1
1785810092,937683838,91.475,5.234,96.591,-284.623,1
1785810092,971012207,117.482,9.232,126.578,81.741,1
1785810093,4340332,153.073,3.151,156.105,48.413,1
1785810093,37668213,184.204,2.843,186.923,15.085,1
1785810093,137666992,126.151,4.452,130.468,48.335,1
1785810093,204332031,112.444,5.623,117.947,-18.33,1
1785810093,237664063,139.045,2.689,141.611,-51.662,1
1785810093,304327637,133.104,2.559,135.543,-118.325,1
1785810093,370990234,128.32,2.513,130.704,-184.988,1
1785810093,437652100,107.109,2.653,109.629,81.451,1
1785810093,470982910,114.899,2.462,117.244,48.12,1
1785810093,570973389,80.196,2.395,82.454,-51.87,1
1785810093,637632568,81.49,2.46,83.843,14.705,1
1785810093,704291016,81.938,2.616,84.385,14.662,1
1785810093,770948486,82.257,2.48,84.632,14.619,1
1785810093,837605225,80.633,2.157,82.682,14.577,1
1785810093,904261230,80.911,2.206,83.016,14.534,1
1785810093,970916016,81.432,2.939,84.259,14.492,1
1785810094,37571045,81.714,2.11,83.677,14.463,1
1785810094,104265869,81.573,2.447,83.916,14.41,1
1785810094,170933594,80.57,2.013,82.484,14.367,1
1785810094,237600586,80.711,2.212,82.809,14.324,1
1785810094,304266846,86.573,2.545,88.998,14.281,1
1785810094,370932129,80.927,2.051,82.875,14.239,1
1785810094,437596436,81.105,2.026,83.032,14.196,1
1785810094,504260254,81.457,2.515,83.754,14.154,1
1785810094,570923096,81.32,2.034,83.255,14.111,1
1785810094,637584961,82.196,2.819,84.881,14.069,1
1785810094,704246094,81.118,2.187,83.2,14.026,1
1785810094,770906494,82.517,2.282,84.582,13.983,1
1785810094,837565918,81.435,2.161,83.496,-52.676,1
1785810094,904224609,81.94,2.484,84.318,13.898,1
1785810094,970882568,83.795,2.166,85.861,13.856,1
1785810095,37539551,81.797,2.472,84.111,13.813,1
1785810095,104202637,81.525,2.309,83.732,13.773,1
1785810095,170870361,81.427,2.054,83.378,13.73,1
1785810095,237537354,82.118,2.106,84.114,13.688,1
1785810095,304203613,90.661,2.736,93.245,13.645,1
1785810095,337536133,111.39,2.329,113.605,-19.688,1
1785810095,370868896,138.126,2.84,140.833,-53.021,1
1785810095,437533203,117.05,3.342,120.272,80.181,1
1785810095,504196777,92.175,2.105,94.183,13.518,1
1785810095,570859619,81.454,2.438,83.782,-53.145,1
1785810095,637521484,81.248,2.09,83.234,13.432,1
1785810095,704182617,82.482,2.561,84.943,-53.229,1
1785810095,770843018,88.29,3.087,91.24,13.347,1
1785810095,837502441,83.59,2.116,85.607,-53.312,1
1785810095,904161133,82.713,2.101,84.71,13.261,1
1785810095,970818848,83.199,2.96,86.054,-53.396,1
1785810096,37475830,83.475,2.066,85.439,13.176,1
1785810096,104139404,85.384,4.012,89.238,13.136,1
1785810096,170808350,86.819,2.551,89.25,13.094,1
1785810096,237476563,91.397,2.425,93.685,13.052,1
1785810096,270810303,114.81,6.149,120.302,-20.282,1
1785810096,304143799,132.764,2.547,135.187,13.009,1
1785810096,370810303,116.551,2.089,118.545,-53.658,1
1785810096,437476074,95.466,2.365,97.718,79.546,1
1785810096,470808594,118.143,2.485,120.51,46.214,1
1785810096,537473145,103.905,2.499,106.273,-20.451,1
1785810096,570805176,118.851,2.112,120.855,12.838,1
1785810096,637468506,94.828,2.015,96.747,12.796,1
1785810096,704130859,85.814,2.386,88.077,12.753,1
1785810096,770792725,98.264,2.669,100.66,12.711,1
1785810096,804123047,121.269,2.5,123.648,-20.62,1
1785810096,870783691,106.159,2.556,108.594,-20.663,1
1785810096,904113525,123.318,2.806,126.001,-53.992,1
1785810096,970772705,98.477,2.702,101.052,12.583,1
1785810097,4102051,117.151,3.067,120.091,-20.747,1
1785810097,70760742,135.368,2.561,137.807,45.948,1
1785810097,137596680,128.429,2.696,130.897,-20.887,1
1785810097,204434326,118.025,2.216,120.125,-20.93,1
1785810097,271273438,96.376,2.092,98.363,-87.769,1
1785810097,338113770,109.493,2.455,111.824,45.782,1
1785810097,371534668,149.087,2.094,151.079,12.362,1
1785810097,438377197,135.951,4.544,140.304,-54.481,1
1785810097,505221191,137.427,2.386,139.693,-121.325,1
1785810097,605489990,143.148,2.644,145.666,-221.594,1
1785810097,672337646,126.111,4.369,129.572,45.575,1
1785810097,739186768,113.471,3.41,116.759,-21.274,1
1785810097,772611816,128.856,7.651,136.377,12.109,1
1785810097,839463135,118.805,2.609,121.295,12.066,1
1785810097,906315918,107.49,2.588,109.853,-54.787,1
1785810097,939742676,132.609,2.609,135.096,45.408,1
1785810098,6597656,107.374,2.328,109.581,-21.447,1
1785810098,73452148,92.776,2.16,94.83,-21.487,1
1785810098,140107666,104.398,6.725,111.002,-21.467,1
1785810098,173435059,115.503,3.807,119.176,11.818,1
1785810098,240088867,93.435,2.093,95.436,11.775,1
1785810098,306741699,87.098,8.942,95.844,11.733,1
1785810098,373393311,108.977,4.051,112.918,11.69,1
1785810098,406718750,126.27,2.09,128.262,-21.635,1
1785810098,473368896,102.806,2.427,105.087,-21.677,1
1785810098,506693604,116.945,2.682,119.411,-55.002,1
1785810098,573342041,92.625,2.295,94.819,-121.65,1
1785810098,639989502,83.519,2.33,85.73,-188.298,1
1785810098,706635986,82.034,2.238,84.159,-254.944,1
1785810098,773281250,82.092,2.235,84.215,-321.589,1
1785810098,839925537,83.137,2.211,85.226,11.392,1
1785810098,906568848,82.33,2.353,84.58,11.35,1
1785810098,973210938,82.641,2.651,85.169,11.307,1
1785810099,39852051,85.365,2.504,87.746,-55.334,1
1785810099,106493652,84.245,2.552,86.681,-121.976,1
1785810099,173390625,81.853,2.426,84.176,11.223,1
1785810099,240291016,82.094,2.14,84.129,-55.677,1
1785810099,307194580,93.019,2.394,95.28,11.139,1
1785810099,340647461,106.876,2.242,109.003,-22.314,1
1785810099,374101074,120.067,2.628,122.563,-55.768,1
1785810099,407555664,129.475,2.856,132.206,44.51,1
1785810099,507924316,84.244,2.794,86.919,11.012,1
1785810099,574840576,80.779,2.131,82.813,-55.904,1
1785810099,641760254,80.808,2.114,82.796,10.928,1
1785810099,708683105,82.05,2.632,84.556,10.886,1
1785810099,775609131,80.357,2.145,82.392,10.844,1
1785810099,842538330,80.6,2.183,82.584,10.802,1
1785810099,909470703,80.701,2.427,83.007,10.76,1
1785810099,976406494,79.903,2.676,82.437,10.718,1
1785810100,43345215,80.05,3.062,82.991,10.675,1
1785810100,110287354,79.76,3.012,82.643,10.633,1
1785810100,177099609,79.072,2.647,81.603,-56.179,1
1785810100,243912842,79.843,2.423,82.086,10.528,1
1785810100,310726807,89.115,2.249,91.254,10.486,1
1785810100,377541992,80.361,2.473,82.71,-56.329,1
1785810100,444358154,82.211,3.485,85.561,10.401,1
1785810100,511175049,81.013,2.693,83.578,10.358,1
1785810100,577992920,78.741,2.844,81.466,10.316,1
1785810100,644812012,78.78,2.458,81.11,-56.503,1
1785810100,711631836,78.439,2.388,80.707,10.231,1
1785810100,778452637,78.219,2.222,80.327,-56.589,1
1785810100,845274414,80.189,2.419,82.475,-123.411,1
1785810100,912097168,82.164,2.537,84.577,10.104,1
1785810100,978920898,78.004,2.304,80.187,10.062,1
1785810101,45745605,78.752,2.347,80.977,10.019,1
1785810101,79158447,96.444,2.437,98.753,-23.394,1
1785810101,145967529,83.756,2.116,85.774,-23.434,1
1785810101,212762695,78.507,2.051,80.461,-23.469,1
1785810101,279558350,85.042,1.996,86.92,43.242,1
1785810101,346354492,81.49,2.39,83.774,-23.554,1
1785810101,413151611,78.916,2.025,80.84,43.158,1
1785810101,479949219,79.541,2.09,81.513,-23.64,1
1785810101,546747559,81.293,2.242,83.38,-23.682,1
1785810101,613546387,77.6,2.03,79.537,43.032,1
1785810101,680345947,77.542,2.048,79.495,-23.767,1
1785810101,747146240,82.574,2.182,84.656,-23.81,1
1785810101,813947021,79.08,2.061,81.046,-23.853,1
1785810101,880748535,77.7,2.173,79.775,-23.895,1
1785810101,947550781,78.07,2.292,80.258,-23.938,1
1785810102,14353516,78.445,2.068,80.415,-23.981,1
1785810102,81156982,76.429,6.327,82.593,-24.024,1
1785810102,114558350,98.562,2.842,101.277,9.327,1
1785810102,181424561,79.456,2.402,81.747,9.302,1
1785810102,248293457,78.285,3.527,81.694,9.26,1
1785810102,315165283,100.544,4.562,104.988,-57.612,1
1785810102,348602051,118.067,2.652,120.581,42.613,1
1785810102,415477783,96.582,2.469,98.922,-24.263,1
1785810102,448916504,107.564,2.035,109.502,9.133,1
1785810102,549237061,78.148,1.97,80.016,-24.35,1
1785810102,616120605,79.245,2.054,81.2,42.449,1
1785810102,683006836,76.106,1.972,77.982,-24.437,1
1785810102,749895996,75.334,1.951,77.194,-24.481,1
1785810102,816787598,84.186,2.11,86.203,-24.524,1
1785810102,883681885,81.085,2.122,83.038,-24.567,1
1785810102,950578857,78.115,3.08,81.067,-24.611,1
1785810103,17478516,85.652,3.409,88.932,-24.655,1
1785810103,50929443,92.768,3.075,95.716,8.753,1
1785810103,117831299,81.582,2.339,83.788,8.692,1
1785810103,151212158,99.401,2.584,101.867,-24.688,1
1785810103,217991943,84.813,2.485,87.182,42.0,1
1785810103,284771973,81.925,2.499,84.318,-24.78,1
1785810103,351552490,80.369,2.122,82.313,41.915,1
1785810103,418333496,78.06,2.143,80.103,-24.866,1
1785810103,485114746,75.639,1.973,77.517,-24.909,1
1785810103,551896484,79.646,2.277,81.719,-24.951,1
1785810103,618678711,74.421,2.172,76.492,-24.994,1
1785810103,685461182,74.474,2.397,76.604,-25.036,1
1785810103,752244141,80.56,2.091,82.552,41.661,1
1785810103,819027344,74.528,2.052,76.444,-25.122,1
1785810103,885811035,73.537,2.241,75.607,-25.165,1
1785810103,952594971,76.521,2.166,78.545,41.534,1
1785810104,19379395,76.144,2.207,78.248,-25.25,1
1785810104,86164307,72.927,1.983,74.814,-25.293,1
1785810104,152949219,77.937,2.573,80.4,-25.335,1
1785810104,186252197,86.669,2.067,88.566,7.993,1
1785810104,252857178,73.355,3.024,76.261,7.951,1
1785810104,319459961,77.237,2.093,79.224,7.908,1
1785810104,386060791,76.671,2.04,78.612,-58.693,1
1785810104,419360596,89.859,2.76,92.499,41.122,1
1785810104,485958496,79.473,2.024,81.376,-25.476,1
1785810104,552554688,73.905,1.964,75.774,41.035,1
1785810104,619148926,77.348,1.967,79.221,-25.56,1
1785810104,685741211,76.75,1.999,78.65,-25.601,1
1785810104,752331543,76.385,2.172,78.446,-25.643,1
1785810104,818919922,75.823,2.246,77.968,-25.684,1
1785810104,885506348,83.066,2.293,85.257,-25.726,1
1785810104,952090820,81.664,1.977,83.545,-25.767,1
1785810105,18673584,74.498,2.027,76.43,-25.81,1
1785810105,85254395,74.883,1.987,76.772,-25.851,1
1785810105,151835205,85.741,2.596,88.21,-25.895,1
1785810105,185217773,98.93,2.198,101.01,7.375,1
1785810105,251982910,79.502,2.278,81.675,7.332,1
1785810105,318748535,84.115,2.479,86.481,-59.434,1
1785810105,385513916,78.939,2.784,81.596,7.247,1
1785810105,452279541,80.394,2.165,82.456,-59.519,1
1785810105,585811279,74.996,2.273,77.147,-59.603,1
1785810105,652577393,75.764,2.274,77.903,7.078,1
1785810105,719343506,76.132,2.371,78.389,-59.688,1
1785810105,786109863,74.963,2.58,77.426,6.993,1
1785810105,852876221,76.782,1.967,78.635,-59.773,1
1785810105,919642822,76.594,2.138,78.631,-126.54,1
1785810105,986409424,76.332,2.348,78.574,6.865,1
1785810106,53176270,75.995,2.045,77.936,6.823,1
1785810106,119943359,86.651,2.214,88.752,6.78,1
1785810106,186622559,87.849,2.758,90.471,6.72,1
1785810106,219917969,98.287,2.674,100.839,-26.575,1
1785810106,286507080,81.701,2.015,83.571,-26.617,1
1785810106,353093994,76.373,2.116,78.355,-26.658,1
1785810106,419678711,74.782,2.295,76.969,-26.7,1
1785810106,486261475,75.724,2.098,77.715,-26.742,1
1785810106,552841797,75.525,3.094,78.489,-26.783,1
1785810106,619420166,82.978,2.484,85.249,-26.825,1
1785810106,685996094,85.596,3.496,88.982,-26.866,1
1785810106,752570068,87.362,2.248,89.419,-26.908,1
1785810106,819141846,92.062,2.762,94.693,-93.479,1
1785810106,852427002,116.357,3.39,119.617,-126.765,1
1785810106,885711426,131.717,2.72,134.313,106.059,1
1785810106,952278809,116.923,2.942,119.726,39.491,1
1785810107,18844238,90.954,2.519,93.345,-27.074,1
1785810107,52125977,100.414,2.291,102.605,-60.356,1
1785810107,151970215,76.438,1.968,78.295,39.435,1
1785810107,218653809,77.776,2.152,79.803,-27.249,1
1785810107,251995850,91.054,2.496,93.43,-60.591,1
1785810107,318679688,81.378,1.983,83.264,6.008,1
1785810107,385364014,76.644,2.394,78.921,5.965,1
1785810107,452048340,77.889,2.039,79.829,5.923,1
1785810107,518732910,78.938,4.522,83.269,-60.762,1
1785810107,585417725,78.787,2.129,80.802,5.838,1
1785810107,652102783,78.611,1.939,80.458,-60.847,1
1785810107,718787842,80.024,2.151,82.066,5.753,1
1785810107,785473389,78.127,3.914,81.868,5.71,1
1785810107,852158936,81.411,2.184,83.487,-60.976,1
1785810107,918844727,77.631,2.076,79.609,5.625,1
1785810107,985530518,76.864,1.989,78.757,5.583,1
1785810108,52216797,77.41,3.005,80.297,5.54,1
1785810108,118903076,77.285,2.287,79.375,5.498,1
1785810108,185625488,76.655,2.432,78.972,5.45,1
1785810108,252232178,81.36,2.007,83.248,5.407,1
1785810108,318836914,79.154,2.038,81.095,5.365,1
1785810108,385439697,83.263,2.192,85.354,-61.238,1
1785810108,485340332,79.904,2.167,81.973,-28.02,1
1785810108,551938232,80.291,2.169,82.349,-28.062,1
1785810108,618534424,83.838,1.98,85.718,-28.104,1
1785810108,685128662,77.551,1.957,79.416,-28.146,1
1785810108,751721191,77.905,2.298,79.984,38.362,1
1785810108,818311523,84.69,2.094,86.633,-28.229,1
1785810108,884900146,79.665,2.227,81.779,-28.27,1
1785810108,951486572,79.323,2.047,81.27,-28.312,1
1785810109,18071289,87.037,2.011,88.946,38.188,1
1785810109,84654297,83.52,2.058,85.476,-28.395,1
1785810109,151235107,81.084,1.971,82.96,-28.436,1
1785810109,217829590,79.236,2.11,81.242,-28.494,1
1785810109,284442139,82.29,2.104,84.281,-28.535,1
1785810109,317747559,96.324,2.567,98.736,4.728,1
1785810109,384357422,85.193,2.226,87.242,4.686,1
1785810109,450965332,82.346,2.031,84.281,4.643,1
1785810109,517571289,84.392,2.123,86.412,-61.963,1
1785810109,584175781,83.285,2.232,85.414,4.559,1
1785810109,650778076,82.558,1.967,84.434,4.516,1
1785810109,717378906,83.59,1.906,85.407,4.474,1
1785810109,783977783,82.783,1.924,84.616,4.431,1
1785810109,850574707,83.161,3.429,86.483,4.389,1
1785810109,917170166,84.914,2.466,87.276,4.346,1
1785810109,983763428,80.702,2.135,82.727,4.304,1
1785810110,50355225,82.932,1.952,84.792,4.26,1
1785810110,116944824,82.864,1.96,84.73,4.219,1
1785810110,183531982,83.004,1.92,84.821,4.177,1
1785810110,250138916,81.067,2.049,83.021,4.135,1
1785810110,316744141,81.444,1.992,83.341,-62.47,1
1785810110,350046143,97.673,3.765,101.305,-95.772,1
1785810110,416648438,86.482,2.088,88.474,-162.375,1
1785810110,483248779,83.422,2.016,85.337,37.264,1
1785810110,549847412,83.388,2.024,85.315,-29.334,1
1785810110,616444092,86.147,2.029,88.062,-29.376,1
1785810110,683038818,83.501,2.02,85.378,-29.417,1
1785810110,749631592,81.078,1.975,82.962,-29.459,1
1785810110,816222412,81.68,2.574,84.147,-96.05,1
1785810110,882811523,84.51,2.263,86.645,-162.639,1
1785810110,949398682,84.927,1.979,86.81,-229.227,1
1785810111,49275879,82.298,1.978,84.175,3.625,1
1785810111,115858398,84.575,1.956,86.436,-62.958,1
1785810111,182437500,87.682,2.061,89.648,3.541,1
1785810111,249044434,85.47,1.937,87.313,-63.066,1
1785810111,315649658,84.9,2.184,86.956,3.456,1
1785810111,382252686,84.688,2.018,86.612,3.414,1
1785810111,448854004,85.23,2.249,87.363,3.371,1
1785810111,515453369,86.3,1.917,88.128,-63.229,1
1785810111,582050781,87.36,2.214,89.409,3.286,1
1785810111,648646240,86.545,1.924,88.375,3.244,1
1785810111,715239990,85.058,1.989,86.951,3.201,1
1785810111,748536133,97.08,3.91,100.874,-30.095,1
1785810111,815126709,93.268,2.155,95.311,-30.136,1
1785810111,881715820,87.892,2.112,89.858,36.367,1
1785810111,948302734,86.581,1.965,88.451,-30.219,1
1785810112,14887695,84.101,1.969,85.971,-30.261,1
1785810112,81470947,85.246,2.001,87.146,36.237,1
1785810112,148052246,85.138,2.236,87.274,-30.344,1
1785810112,214645752,85.709,1.975,87.588,-30.399,1
1785810112,281253418,94.878,2.435,97.196,-30.44,1
1785810112,347859131,92.739,5.889,98.502,-30.482,1
1785810112,381161377,104.6,2.586,107.061,2.778,1
1785810112,447764404,89.064,2.141,91.102,2.735,1
1785810112,514365479,88.276,2.005,90.142,2.693,1
1785810112,580964844,86.596,1.997,88.499,2.65,1
1785810112,647562256,86.132,2.735,88.762,2.608,1
1785810112,714157715,89.874,2.188,91.89,-63.987,1
1785810112,780751465,86.449,2.016,88.324,2.523,1
1785810112,847343262,87.232,2.045,89.18,-64.069,1
1785810112,913933105,90.224,2.04,92.158,2.438,1
1785810112,980520996,91.789,2.074,93.756,2.395,1
1785810113,47107178,90.513,2.091,92.502,2.353,1
1785810113,113691406,87.969,2.008,89.879,2.31,1
1785810113,180270264,87.114,1.952,88.971,2.272,1
1785810113,246964844,86.966,2.086,88.959,2.229,1
1785810113,313659912,90.507,2.041,92.454,-64.466,1
1785810113,380355225,90.055,1.926,91.875,2.144,1
1785810113,447051025,90.962,2.075,92.932,2.102,1
1785810113,513747314,89.296,1.969,91.171,2.06,1
1785810113,580444092,87.434,2.058,89.392,2.017,1
1785810113,647141113,87.7,1.983,89.586,1.975,1
1785810113,713838623,88.587,2.097,90.52,1.932,1
1785810113,780536377,87.558,2.789,90.162,1.89,1
1785810113,847234619,88.864,1.947,90.719,-64.808,1
1785810113,913933350,87.885,2.156,89.946,1.805,1
1785810113,980632568,86.501,2.232,88.607,1.762,1
1785810114,47332031,87.107,1.993,89.009,-64.937,1
1785810114,114031982,90.803,1.962,92.673,68.336,1
1785810114,180734131,87.367,1.971,89.242,1.634,1
1785810114,247358154,86.434,2.196,88.517,1.591,1
1785810114,313980713,90.18,2.021,92.109,-65.032,1
1785810114,380601563,89.227,2.035,91.16,1.506,1
1785810114,447220947,89.577,2.019,91.504,-65.114,1
1785810114,513838623,91.092,2.144,93.136,67.995,1
1785810114,580454834,87.55,1.969,89.429,1.379,1
1785810114,647069336,88.02,2.174,90.052,-65.236,1
1785810114,713682129,87.758,2.17,89.832,-131.848,1
1785810114,780293457,90.86,2.128,92.878,67.819,1
1785810114,813598633,112.843,6.83,119.538,34.514,1
1785810114,846903320,129.554,2.566,131.99,1.209,1
1785810114,913511475,101.684,2.755,104.322,-65.399,1
1785810114,980117920,91.386,4.514,95.787,1.124,1
1785810115,46722900,90.515,2.333,92.751,1.082,1
1785810115,113326172,88.541,2.13,90.574,1.039,1
1785810115,179926270,88.095,2.114,90.118,0.999,1
1785810115,246634766,91.129,2.205,93.232,-65.709,1
1785810115,313343750,94.365,2.211,96.464,0.914,1
1785810115,380053223,92.628,2.101,94.541,0.871,1
1785810115,446763428,89.035,1.947,90.889,0.829,1
1785810115,513474365,89.121,1.941,90.969,0.786,1
1785810115,580186035,89.715,1.956,91.576,0.744,1
1785810115,646898193,88.771,1.97,90.647,0.701,1
1785810115,713610840,91.77,2.008,93.678,-66.012,1
1785810115,780324219,91.753,1.958,93.618,0.616,1
1785810115,847038330,88.669,2.023,90.552,0.574,1
1785810115,913753174,88.97,1.931,90.808,0.531,1
1785810115,980468506,92.92,2.32,95.133,0.489,1
1785810116,47184326,93.153,2.024,95.071,-66.227,1
1785810116,113901123,97.175,2.795,99.842,0.404,1
1785810116,147259521,99.513,2.045,101.464,-32.955,1
1785810116,214057373,100.58,2.311,102.77,-33.077,1
1785810116,280939941,88.896,2.262,91.051,-33.122,1
1785810116,347825439,90.953,2.309,93.143,33.678,1
1785810116,414713867,87.25,2.084,89.231,-33.21,1
1785810116,448159180,102.467,2.364,104.704,-66.655,1
1785810116,481605225,134.529,4.007,138.354,33.596,1
1785810116,548499512,113.557,2.84,116.042,-33.298,1
1785810116,615396729,109.168,2.198,111.239,33.514,1
1785810116,682296875,98.452,2.186,100.474,-33.386,1
1785810116,749199951,93.992,1.974,95.872,-100.289,1
1785810116,816105713,88.62,2.062,90.545,33.391,1
1785810116,883014648,88.447,1.961,90.315,33.349,1
1785810116,949926514,86.971,2.072,88.903,-33.562,1
1785810117,16841309,87.256,2.028,89.126,33.267,1
1785810117,83758789,86.828,2.08,88.805,33.226,1
1785810117,150679443,88.973,2.048,90.886,33.184,1
1785810117,217580078,85.831,2.019,87.689,33.123,1
1785810117,284464355,87.729,2.078,89.697,33.081,1
1785810117,351351318,85.692,2.248,87.838,33.041,1
1785810117,418241211,89.352,2.429,91.67,32.999,1
1785810117,518581543,87.691,2.086,89.62,-0.489,1
1785810117,585479004,85.214,2.015,87.131,66.326,1
1785810117,652379150,85.798,1.948,87.657,-0.574,1
1785810117,719282471,83.713,1.988,85.607,-67.478,1
1785810117,786188477,86.816,2.019,88.743,66.207,1
1785810117,853097656,84.646,1.955,86.506,-0.702,1
1785810117,920009766,83.192,2.008,85.029,-0.745,1
1785810117,986924805,84.111,2.152,86.168,-67.66,1
1785810118,53842773,83.155,2.237,85.282,-134.578,1
1785810118,120763672,82.254,2.138,84.299,-201.499,1
1785810118,187684814,83.164,2.158,85.184,-268.42,1
1785810118,254567139,85.094,2.188,87.181,65.885,1
1785810118,321452148,81.638,2.13,83.676,-1.0,1
1785810118,388340332,81.316,2.126,83.351,-67.889,1
1785810118,455231445,81.133,2.635,83.654,-134.78,1
1785810118,522125488,85.282,2.298,87.425,65.726,1
1785810118,589022461,81.352,1.941,83.195,-1.171,1
1785810118,655922363,84.779,2.04,86.72,65.646,1
1785810118,722825195,80.768,2.01,82.689,-1.256,1
1785810118,789730957,81.252,2.152,83.265,-68.162,1
1785810118,856639893,79.793,1.953,81.653,-135.071,1
1785810118,923551514,80.691,1.966,82.563,65.489,1
1785810118,990466309,87.911,2.299,89.991,-1.426,1
1785810119,57383789,83.413,3.119,86.421,-1.469,1
1785810119,124304443,88.69,3.004,91.58,65.369,1
1785810119,191225586,84.672,2.07,86.648,-1.552,1
1785810119,258107422,87.712,2.568,90.11,-1.596,1
1785810119,324992432,84.894,2.271,87.064,-1.639,1
1785810119,391880127,79.226,2.875,81.992,-1.681,1
1785810119,458770996,84.828,2.436,87.153,-68.572,1
1785810119,492217529,107.871,3.957,111.717,-102.019,1
1785810119,525664795,146.26,2.811,148.955,-135.466,1
1785810119,592561279,130.008,3.025,132.908,-202.362,1
1785810119,659460938,124.227,2.725,126.84,-269.262,1
1785810119,726363525,112.813,3.41,116.086,64.968,1
1785810119,793269043,88.241,2.186,90.329,-1.938,1
1785810119,860177490,82.928,1.945,84.781,64.889,1
1785810119,927088867,81.241,3.136,84.271,-2.023,1
1785810119,994003418,80.112,3.71,83.66,-2.066,1
1785810120,60920654,77.56,1.961,79.429,-2.108,1
1785810120,127840820,82.531,2.197,84.413,-2.151,1
1785810120,194761963,80.578,2.006,82.442,-2.192,1
1785810120,261556396,76.784,2.191,78.876,-2.231,1
1785810120,328351318,79.893,2.18,81.977,-2.275,1
1785810120,395146973,78.46,2.185,80.485,-2.317,1
1785810120,461943115,83.194,4.493,87.557,-2.36,1
1785810120,495341553,103.382,2.658,105.888,30.997,1
1785810120,562138672,85.825,2.004,87.739,-35.801,1
1785810120,628936523,81.185,2.131,83.219,30.912,1
1785810120,695735107,84.197,1.97,86.072,30.869,1
1785810120,762534180,79.627,1.966,81.5,30.828,1
1785810120,829333984,77.695,2.002,79.602,30.785,1
1785810120,896134277,80.249,2.005,82.158,30.743,1
1785810120,962935547,79.45,2.28,81.618,30.7,1
1785810121,29737305,77.225,2.015,79.105,30.659,1
1785810121,96539551,77.541,2.04,79.481,30.616,1
1785810121,163342529,76.172,2.131,78.193,30.574,1
1785810121,230121094,78.318,2.409,80.617,30.509,1
1785810121,296944336,80.572,2.218,82.686,30.525,1
1785810121,363827393,77.782,2.185,79.864,30.483,1
1785810121,430713135,75.599,1.965,77.468,30.442,1
1785810121,531047363,79.89,2.422,82.053,-3.044,1
1785810121,597940186,78.172,1.958,80.037,-3.087,1
1785810121,664836182,79.623,1.953,81.483,-3.129,1
1785810121,731734863,75.219,2.183,77.3,-3.173,1
1785810121,798636475,73.697,2.056,75.609,-3.215,1
1785810121,865540771,73.316,2.086,75.307,-3.258,1
1785810121,932447998,73.972,2.12,75.993,-3.3,1
1785810121,999358154,77.148,1.968,79.003,-3.344,1
1785810122,66271240,76.4,1.992,78.295,-3.386,1
1785810122,133187012,73.321,1.962,75.187,-3.429,1
1785810122,200105713,71.772,2.045,73.714,-3.471,1
1785810122,267010986,72.358,1.955,74.222,-3.499,1
1785810122,333630371,75.763,2.008,77.624,63.034,1
1785810122,400247803,72.311,1.973,74.189,-3.583,1
1785810122,466863770,75.829,2.212,77.94,-3.625,1
1785810122,533477783,78.507,2.042,80.442,-3.668,1
1785810122,600090332,74.407,2.079,76.361,-3.71,1
1785810122,666701172,75.327,2.025,77.255,-3.753,1
1785810122,733310303,74.019,1.961,75.887,-3.794,1
1785810122,799917969,73.59,1.955,75.436,-3.837,1
1785810122,866523682,77.626,1.952,79.486,-3.879,1
1785810122,933127930,72.223,2.02,74.147,-3.921,1
1785810122,999730225,75.563,2.078,77.45,-3.964,1
1785810123,99630859,77.673,2.021,79.6,29.251,1
1785810123,166229248,79.105,1.955,80.966,29.208,1
1785810123,232825684,75.058,2.893,77.837,29.165,1
1785810123,299437256,75.224,2.441,77.551,29.134,1
1785810123,366059326,75.595,2.042,77.538,29.091,1
1785810123,432679688,75.531,2.29,77.715,29.048,1
1785810123,499298584,76.052,2.133,78.086,29.005,1
1785810123,565916016,76.254,2.084,78.235,28.962,1
1785810123,632531494,78.953,2.048,80.898,28.918,1
1785810123,732452148,114.665,2.074,116.595,62.138,1
1785810123,832369141,77.726,2.598,80.21,28.789,1
